"aretha_franklin","aretha_now","night_time_is_the_right_time","4","tracks/aretha_franklin/aretha_now/04-night_time_is_the_right_time.mp3"
"aretha_franklin","columbia_jazz_1960_1965_retail","evil_gal_blues","1","tracks/aretha_franklin/columbia_jazz_1960_1965_retail/01-evil_gal_blues.mp3"
"aretha_franklin","columbia_jazz_1960_1965_retail","it_aint_necessarily_so","11","tracks/aretha_franklin/columbia_jazz_1960_1965_retail/11-it_aint_necessarily_so.mp3"
"aretha_franklin","columbia_jazz_1960_1965_retail","maybe_im_a_fool","14","tracks/aretha_franklin/columbia_jazz_1960_1965_retail/14-maybe_im_a_fool.mp3"
"aretha_franklin","columbia_jazz_1960_1965_retail","trouble_in_mind","16","tracks/aretha_franklin/columbia_jazz_1960_1965_retail/16-trouble_in_mind.mp3"
"aretha_franklin","think_2002_remix","think_2002_bootleg_remix","1","tracks/aretha_franklin/think_2002_remix/01-think_2002_bootleg_remix.mp3"
"aretha_franklin","very_best_of_aretha_frankl","chain_of_fools","2","tracks/aretha_franklin/very_best_of_aretha_frankl/02-chain_of_fools.mp3"
"aretha_franklin","very_best_of_aretha_frankl","house_that_jack_built","6","tracks/aretha_franklin/very_best_of_aretha_frankl/06-house_that_jack_built.mp3"
"aretha_franklin","very_best_of_aretha_frankl","since_you_ve_been_gone","9","tracks/aretha_franklin/very_best_of_aretha_frankl/09-since_you_ve_been_gone.mp3"
"aretha_franklin","very_best_of_aretha_frankl","sisters_are_doing_it_for_thems","1","tracks/aretha_franklin/very_best_of_aretha_frankl/01-sisters_are_doing_it_for_thems.mp3"
"basement_jaxx","kish_kash","cish_cash_feat_siouxsie_sioux","10","tracks/basement_jaxx/kish_kash/10-cish_cash_feat_siouxsie_sioux.mp3"
"basement_jaxx","kish_kash","if_i_ever_recover","9","tracks/basement_jaxx/kish_kash/09-if_i_ever_recover.mp3"
"basement_jaxx","kish_kash","living_room","13","tracks/basement_jaxx/kish_kash/13-living_room.mp3"
"basement_jaxx","kish_kash","petrilude","5","tracks/basement_jaxx/kish_kash/05-petrilude.mp3"
"basement_jaxx","kish_kash","plug_it_in_feat_jc_chasez","7","tracks/basement_jaxx/kish_kash/07-plug_it_in_feat_jc_chasez.mp3"
"basement_jaxx","kish_kash","right_heres_the_spot_feat_meshell_ndegeocello","2","tracks/basement_jaxx/kish_kash/02-right_heres_the_spot_feat_meshell_ndegeocello.mp3"
"basement_jaxx","kish_kash","tonight_feat_phoebe","11","tracks/basement_jaxx/kish_kash/11-tonight_feat_phoebe.mp3"
"basement_jaxx","rooty","breakaway","2","tracks/basement_jaxx/rooty/02-breakaway.mp3"
"basement_jaxx","rooty","sfm","3","tracks/basement_jaxx/rooty/03-sfm.mp3"
"basement_jaxx","rooty","where_s_your_head_at","8","tracks/basement_jaxx/rooty/08-where_s_your_head_at.mp3"
"beatles","abbey_road","something","2","tracks/beatles/abbey_road/02-something.mp3"
"beatles","hard_day_s_night","i_ll_be_back","13","tracks/beatles/hard_day_s_night/13-i_ll_be_back.mp3"
"beatles","hard_day_s_night","if_i_fell","3","tracks/beatles/hard_day_s_night/03-if_i_fell.mp3"
"beatles","let_it_be","for_you_blue","11","tracks/beatles/let_it_be/11-for_you_blue.mp3"
"beatles","magical_mystery_tour","baby_you_re_a_rich_man","10","tracks/beatles/magical_mystery_tour/10-baby_you_re_a_rich_man.mp3"
"beatles","magical_mystery_tour","flying","3","tracks/beatles/magical_mystery_tour/03-flying.mp3"
"beatles","michelle","drive_my_car","5","tracks/beatles/michelle/05-drive_my_car.mp3"
"beatles","past_masters_volume_one","matchbox_the_beatles","13","tracks/beatles/past_masters_volume_one/13-matchbox_the_beatles.mp3"
"beatles","revolver","she_said_she_said","7","tracks/beatles/revolver/07-she_said_she_said.mp3"
"beatles","revolver","yellow_submarine","6","tracks/beatles/revolver/06-yellow_submarine.mp3"
"bee_gees","spirits_having_flown","reaching_out","4","tracks/bee_gees/spirits_having_flown/04-reaching_out.mp3"
"bee_gees","spirits_having_flown","tragedy","1","tracks/bee_gees/spirits_having_flown/01-tragedy.mp3"
"bee_gees","their_greatest_hits_the_recor","holiday","32","tracks/bee_gees/their_greatest_hits_the_recor/32-holiday.mp3"
"bee_gees","their_greatest_hits_the_recor","new_york_mining_disaster_1941","32","tracks/bee_gees/their_greatest_hits_the_recor/32-new_york_mining_disaster_1941.mp3"
"bee_gees","their_greatest_hits_the_recor","saved_by_the_bell","32","tracks/bee_gees/their_greatest_hits_the_recor/32-saved_by_the_bell.mp3"
"bee_gees","their_greatest_hits_the_recor","stayin_alive","1","tracks/bee_gees/their_greatest_hits_the_recor/01-stayin_alive.mp3"
"bee_gees","their_greatest_hits_the_recor","this_is_where_i_came_in","18","tracks/bee_gees/their_greatest_hits_the_recor/18-this_is_where_i_came_in.mp3"
"bee_gees","their_greatest_hits_the_recor","to_love_somebody","32","tracks/bee_gees/their_greatest_hits_the_recor/32-to_love_somebody.mp3"
"bee_gees","their_greatest_hits_the_recor","you_should_be_dancing","32","tracks/bee_gees/their_greatest_hits_the_recor/32-you_should_be_dancing.mp3"
"bee_gees","their_greatest_hits_the_recor","you_win_again","12","tracks/bee_gees/their_greatest_hits_the_recor/12-you_win_again.mp3"
"blur","think_tank","my_white_noise_hidden_track","14","tracks/blur/think_tank/14-my_white_noise_hidden_track.mp3"
"blur","think_tank_advance","ambulance","1","tracks/blur/think_tank_advance/01-ambulance.mp3"
"blur","think_tank_advance","battery_in_your_leg","13","tracks/blur/think_tank_advance/13-battery_in_your_leg.mp3"
"blur","think_tank_advance","brothers_and_sisters","6","tracks/blur/think_tank_advance/06-brothers_and_sisters.mp3"
"blur","think_tank_advance","crazy_beat","3","tracks/blur/think_tank_advance/03-crazy_beat.mp3"
"blur","think_tank_advance","good_song","4","tracks/blur/think_tank_advance/04-good_song.mp3"
"blur","think_tank_advance","jets","11","tracks/blur/think_tank_advance/11-jets.mp3"
"blur","think_tank_advance","moroccan_peoples_revolutionary","9","tracks/blur/think_tank_advance/09-moroccan_peoples_revolutionary.mp3"
"blur","think_tank_advance","sweet_song","10","tracks/blur/think_tank_advance/10-sweet_song.mp3"
"blur","think_tank_advance","we_ve_got_a_file_on_you","8","tracks/blur/think_tank_advance/08-we_ve_got_a_file_on_you.mp3"
"bon_jovi","bounce","distance","3","tracks/bon_jovi/bounce/03-distance.mp3"
"bon_jovi","bounce","joey","4","tracks/bon_jovi/bounce/04-joey.mp3"
"bon_jovi","crush","i_got_the_girl","11","tracks/bon_jovi/crush/11-i_got_the_girl.mp3"
"bon_jovi","crush","next_100_years","5","tracks/bon_jovi/crush/05-next_100_years.mp3"
"bon_jovi","crush","one_wild_night","12","tracks/bon_jovi/crush/12-one_wild_night.mp3"
"bon_jovi","one_wild_night","just_older","12","tracks/bon_jovi/one_wild_night/12-just_older.mp3"
"bon_jovi","one_wild_night","rockin_in_the_free_world","6","tracks/bon_jovi/one_wild_night/06-rockin_in_the_free_world.mp3"
"bon_jovi","one_wild_night","runaway","9","tracks/bon_jovi/one_wild_night/09-runaway.mp3"
"bon_jovi","one_wild_night","something_to_believe_in","7","tracks/bon_jovi/one_wild_night/07-something_to_believe_in.mp3"
"bon_jovi","one_wild_night","wanted_dead_or_alive","8","tracks/bon_jovi/one_wild_night/08-wanted_dead_or_alive.mp3"
"bruce_springsteen","frisco_second_night_disc_1","growin_up","22","tracks/bruce_springsteen/frisco_second_night_disc_1/22-growin_up.mp3"
"bruce_springsteen","frisco_second_night_disc_1","hungry_heart","20","tracks/bruce_springsteen/frisco_second_night_disc_1/20-hungry_heart.mp3"
"bruce_springsteen","frisco_second_night_disc_1","point_blank","8","tracks/bruce_springsteen/frisco_second_night_disc_1/08-point_blank.mp3"
"bruce_springsteen","frisco_second_night_disc_1","prove_it_all_night","2","tracks/bruce_springsteen/frisco_second_night_disc_1/02-prove_it_all_night.mp3"
"bruce_springsteen","frisco_second_night_disc_1","rendezvous","31","tracks/bruce_springsteen/frisco_second_night_disc_1/31-rendezvous.mp3"
"bruce_springsteen","rising","into_the_fire","2","tracks/bruce_springsteen/rising/02-into_the_fire.mp3"
"bruce_springsteen","rising","mary_s_place","11","tracks/bruce_springsteen/rising/11-mary_s_place.mp3"
"bruce_springsteen","rising","rising","13","tracks/bruce_springsteen/rising/13-rising.mp3"
"bruce_springsteen","rising","waitin_on_a_sunny_day","3","tracks/bruce_springsteen/rising/03-waitin_on_a_sunny_day.mp3"
"bruce_springsteen","rising","you_re_missing","12","tracks/bruce_springsteen/rising/12-you_re_missing.mp3"
"carly_simon","christmas_is_almost_here","happy_xmas_war_is_over","11","tracks/carly_simon/christmas_is_almost_here/11-happy_xmas_war_is_over.mp3"
"carly_simon","christmas_is_almost_here","i_ll_be_home_for_christmnas","6","tracks/carly_simon/christmas_is_almost_here/06-i_ll_be_home_for_christmnas.mp3"
"carly_simon","christmas_is_almost_here","land_of_christmas_mary","3","tracks/carly_simon/christmas_is_almost_here/03-land_of_christmas_mary.mp3"
"carly_simon","christmas_is_almost_here","pretty_paper","9","tracks/carly_simon/christmas_is_almost_here/09-pretty_paper.mp3"
"carly_simon","christmas_is_almost_here","twelve_gates_to_the_city","5","tracks/carly_simon/christmas_is_almost_here/05-twelve_gates_to_the_city.mp3"
"carly_simon","film_noir","film_noir","6","tracks/carly_simon/film_noir/06-film_noir.mp3"
"carly_simon","film_noir","i_m_a_fool_to_want_you","8","tracks/carly_simon/film_noir/08-i_m_a_fool_to_want_you.mp3"
"carly_simon","film_noir","lili_marlene","3","tracks/carly_simon/film_noir/03-lili_marlene.mp3"
"carly_simon","film_noir","somewhere_in_the_night","12","tracks/carly_simon/film_noir/12-somewhere_in_the_night.mp3"
"carly_simon","film_noir","two_sleepy_people","10","tracks/carly_simon/film_noir/10-two_sleepy_people.mp3"
"cher","greatest_hits","beat_goes_on","17","tracks/cher/greatest_hits/17-beat_goes_on.mp3"
"cher","greatest_hits","believe","1","tracks/cher/greatest_hits/01-believe.mp3"
"cher","greatest_hits","dov_lamore","19","tracks/cher/greatest_hits/19-dov_lamore.mp3"
"cher","greatest_hits","if_i_could_turn_back_time","3","tracks/cher/greatest_hits/03-if_i_could_turn_back_time.mp3"
"cher","greatest_hits","love_hurts","6","tracks/cher/greatest_hits/06-love_hurts.mp3"
"cher","living_proof","alive_again","2","tracks/cher/living_proof/02-alive_again.mp3"
"cher","living_proof","different_kind_of_love_song","4","tracks/cher/living_proof/04-different_kind_of_love_song.mp3"
"cher","living_proof","music_s_no_good_without_you","1","tracks/cher/living_proof/01-music_s_no_good_without_you.mp3"
"cher","living_proof","real_love","9","tracks/cher/living_proof/09-real_love.mp3"
"cher","living_proof","song_for_the_lonely","3","tracks/cher/living_proof/03-song_for_the_lonely.mp3"
"christina_aguilera","christina_aguilera","genie_in_a_bottle","1","tracks/christina_aguilera/christina_aguilera/01-genie_in_a_bottle.mp3"
"christina_aguilera","christina_aguilera","what_a_girl_wants","2","tracks/christina_aguilera/christina_aguilera/02-what_a_girl_wants.mp3"
"christina_aguilera","christina_aguilera","when_you_put_your_hands_on_me","9","tracks/christina_aguilera/christina_aguilera/09-when_you_put_your_hands_on_me.mp3"
"christina_aguilera","stripped","dirrty_featuring_redman","16","tracks/christina_aguilera/stripped/16-dirrty_featuring_redman.mp3"
"christina_aguilera","stripped","get_mine_get_yours","15","tracks/christina_aguilera/stripped/15-get_mine_get_yours.mp3"
"christina_aguilera","stripped","loves_embrace_interlude","7","tracks/christina_aguilera/stripped/07-loves_embrace_interlude.mp3"
"christina_aguilera","stripped","primer_amor_interlude","5","tracks/christina_aguilera/stripped/05-primer_amor_interlude.mp3"
"christina_aguilera","stripped","stripped_pt_2","17","tracks/christina_aguilera/stripped/17-stripped_pt_2.mp3"
"christina_aguilera","stripped","voice_within","18","tracks/christina_aguilera/stripped/18-voice_within.mp3"
"christina_aguilera","stripped","walk_away","3","tracks/christina_aguilera/stripped/03-walk_away.mp3"
"craig_david","born_to_do_it","fill_me_in","1","tracks/craig_david/born_to_do_it/01-fill_me_in.mp3"
"craig_david","born_to_do_it","once_in_a_lifetime","10","tracks/craig_david/born_to_do_it/10-once_in_a_lifetime.mp3"
"craig_david","born_to_do_it","time_to_party","8","tracks/craig_david/born_to_do_it/08-time_to_party.mp3"
"craig_david","greatest_r_and_b_hits_vol_3","fill_me_in","3","tracks/craig_david/greatest_r_and_b_hits_vol_3/03-fill_me_in.mp3"
"craig_david","slicker_than_your_average","2_steps_back","10","tracks/craig_david/slicker_than_your_average/10-2_steps_back.mp3"
"craig_david","slicker_than_your_average","personal","8","tracks/craig_david/slicker_than_your_average/08-personal.mp3"
"craig_david","slicker_than_your_average","rise_and_fall_ft_sting","7","tracks/craig_david/slicker_than_your_average/07-rise_and_fall_ft_sting.mp3"
"craig_david","slicker_than_your_average","rise_fall_feat_sting","7","tracks/craig_david/slicker_than_your_average/07-rise_fall_feat_sting.mp3"
"craig_david","slicker_than_your_average","spanish","11","tracks/craig_david/slicker_than_your_average/11-spanish.mp3"
"craig_david","slicker_than_your_average","you_dont_miss_your_water_til_the_well_runs_dry","6","tracks/craig_david/slicker_than_your_average/06-you_dont_miss_your_water_til_the_well_runs_dry.mp3"
"cure","galore","just_like_heaven","3","tracks/cure/galore/03-just_like_heaven.mp3"
"cure","galore","letter_to_elise","13","tracks/cure/galore/13-letter_to_elise.mp3"
"cure","galore","lovesong","7","tracks/cure/galore/07-lovesong.mp3"
"cure","galore","why_can_t_i_be_you","1","tracks/cure/galore/01-why_can_t_i_be_you.mp3"
"cure","greatest_hits_limited_edition","cut_here","17","tracks/cure/greatest_hits_limited_edition/17-cut_here.mp3"
"cure","greatest_hits_limited_edition","forest_acoustic","2","tracks/cure/greatest_hits_limited_edition/02-forest_acoustic.mp3"
"cure","greatest_hits_limited_edition","let_s_go_to_bed","3","tracks/cure/greatest_hits_limited_edition/03-let_s_go_to_bed.mp3"
"cure","greatest_hits_limited_edition","love_song_acoustic","11","tracks/cure/greatest_hits_limited_edition/11-love_song_acoustic.mp3"
"cure","greatest_hits_limited_edition","mint_car_acoustic","15","tracks/cure/greatest_hits_limited_edition/15-mint_car_acoustic.mp3"
"cure","greatest_hits_limited_edition","wrong_number","16","tracks/cure/greatest_hits_limited_edition/16-wrong_number.mp3"
"david_bowie","best_of_bowie","changes","4","tracks/david_bowie/best_of_bowie/04-changes.mp3"
"david_bowie","best_of_bowie","fashion","13","tracks/david_bowie/best_of_bowie/13-fashion.mp3"
"david_bowie","best_of_bowie","heroes","2","tracks/david_bowie/best_of_bowie/02-heroes.mp3"
"david_bowie","best_of_bowie","life_on_mars","5","tracks/david_bowie/best_of_bowie/05-life_on_mars.mp3"
"david_bowie","best_of_bowie","rebel_rebel","7","tracks/david_bowie/best_of_bowie/07-rebel_rebel.mp3"
"david_bowie","best_of_bowie","tvc15","18","tracks/david_bowie/best_of_bowie/18-tvc15.mp3"
"david_bowie","heathen","everyone_says_hi","10","tracks/david_bowie/heathen/10-everyone_says_hi.mp3"
"david_bowie","heathen","heathen_the_rays","12","tracks/david_bowie/heathen/12-heathen_the_rays.mp3"
"david_bowie","heathen","panic_in_detroit","4","tracks/david_bowie/heathen/04-panic_in_detroit.mp3"
"david_bowie","heathen","sunday","1","tracks/david_bowie/heathen/01-sunday.mp3"
"depeche_mode","dream_on_mixes","bushwacka_tough_guy_vocal_mix","9","tracks/depeche_mode/dream_on_mixes/09-bushwacka_tough_guy_vocal_mix.mp3"
"depeche_mode","dream_on_mixes","easy_tiger_full_version","2","tracks/depeche_mode/dream_on_mixes/02-easy_tiger_full_version.mp3"
"depeche_mode","dream_on_mixes","pink_noize_club_mix","12","tracks/depeche_mode/dream_on_mixes/12-pink_noize_club_mix.mp3"
"depeche_mode","exciter","dead_of_night","5","tracks/depeche_mode/exciter/05-dead_of_night.mp3"
"depeche_mode","singles_81_85","blasphemous_rumours","12","tracks/depeche_mode/singles_81_85/12-blasphemous_rumours.mp3"
"depeche_mode","singles_81_85","everything_counts","8","tracks/depeche_mode/singles_81_85/08-everything_counts.mp3"
"depeche_mode","singles_81_85","just_can_t_get_enough","3","tracks/depeche_mode/singles_81_85/03-just_can_t_get_enough.mp3"
"depeche_mode","singles_81_85","shake_the_disease","14","tracks/depeche_mode/singles_81_85/14-shake_the_disease.mp3"
"depeche_mode","ultra","barrel_of_a_gun","1","tracks/depeche_mode/ultra/01-barrel_of_a_gun.mp3"
"depeche_mode","ultra","insight","11","tracks/depeche_mode/ultra/11-insight.mp3"
"dire_straits","greatest_guitar_hits_of_di","once_upon_a_time_in_the_west","5","tracks/dire_straits/greatest_guitar_hits_of_di/05-once_upon_a_time_in_the_west.mp3"
"dire_straits","making_movies","les_boys","7","tracks/dire_straits/making_movies/07-les_boys.mp3"
"dire_straits","making_movies","skateaway","3","tracks/dire_straits/making_movies/03-skateaway.mp3"
"dire_straits","on_the_night","brothers_in_arms","10","tracks/dire_straits/on_the_night/10-brothers_in_arms.mp3"
"dire_straits","on_the_night","money_for_nothing","9","tracks/dire_straits/on_the_night/09-money_for_nothing.mp3"
"dire_straits","sultans_of_swing_the_very_best_of_dire_straits","calling_elvis","12","tracks/dire_straits/sultans_of_swing_the_very_best_of_dire_straits/12-calling_elvis.mp3"
"dire_straits","sultans_of_swing_the_very_best_of_dire_straits","heavy_fuel","13","tracks/dire_straits/sultans_of_swing_the_very_best_of_dire_straits/13-heavy_fuel.mp3"
"dire_straits","sultans_of_swing_the_very_best_of_dire_straits","on_every_street","14","tracks/dire_straits/sultans_of_swing_the_very_best_of_dire_straits/14-on_every_street.mp3"
"dire_straits","sultans_of_swing_the_very_best_of_dire_straits","romeo_and_juliet","3","tracks/dire_straits/sultans_of_swing_the_very_best_of_dire_straits/03-romeo_and_juliet.mp3"
"dire_straits","sultans_of_swing_the_very_best_of_dire_straits","so_far_away","8","tracks/dire_straits/sultans_of_swing_the_very_best_of_dire_straits/08-so_far_away.mp3"
"elton_john","songs_from_the_west_coast","look_ma_no_hands","3","tracks/elton_john/songs_from_the_west_coast/03-look_ma_no_hands.mp3"
"elton_john","songs_from_the_west_coast","mansfield","11","tracks/elton_john/songs_from_the_west_coast/11-mansfield.mp3"
"elton_john","songs_from_the_west_coast","original_sin","5","tracks/elton_john/songs_from_the_west_coast/05-original_sin.mp3"
"elton_john","love_songs_95","one","10","tracks/elton_john/love_songs_95/10-one.mp3"
"elton_john","love_songs_95","true_love","12","tracks/elton_john/love_songs_95/12-true_love.mp3"
"elton_john","very_best_of_cd_12","candle_in_the_wind","8","tracks/elton_john/very_best_of_cd_12/08-candle_in_the_wind.mp3"
"elton_john","very_best_of_cd_12","philadelphia_freedom","11","tracks/elton_john/very_best_of_cd_12/11-philadelphia_freedom.mp3"
"elton_john","very_best_of_elton_john_disc_two","kiss_the_bride","9","tracks/elton_john/very_best_of_elton_john_disc_two/09-kiss_the_bride.mp3"
"elton_john","west_coast_songs_special_edition","ballad_of_the_boy_in_the_red_shoes","1","tracks/elton_john/west_coast_songs_special_edition/01-ballad_of_the_boy_in_the_red_shoes.mp3"
"elton_john","west_coast_songs_special_edition","snippets_taken_from_the_new_album","2","tracks/elton_john/west_coast_songs_special_edition/02-snippets_taken_from_the_new_album.mp3"
"enya","day_without_rain","tempus_vernum","4","tracks/enya/day_without_rain/04-tempus_vernum.mp3"
"enya","day_without_rain","wild_child","2","tracks/enya/day_without_rain/02-wild_child.mp3"
"enya","only_time_the_collection","afer_ventus","25","tracks/enya/only_time_the_collection/25-afer_ventus.mp3"
"enya","only_time_the_collection","exile","2","tracks/enya/only_time_the_collection/02-exile.mp3"
"enya","only_time_the_collection","lazy_days","48","tracks/enya/only_time_the_collection/48-lazy_days.mp3"
"enya","only_time_the_collection","may_it_be","49","tracks/enya/only_time_the_collection/49-may_it_be.mp3"
"enya","only_time_the_collection","no_holly_for_miss_quinn","26","tracks/enya/only_time_the_collection/26-no_holly_for_miss_quinn.mp3"
"enya","only_time_the_collection","tea_house_moon","33","tracks/enya/only_time_the_collection/33-tea_house_moon.mp3"
"enya","only_time_the_collection","watermark","1","tracks/enya/only_time_the_collection/01-watermark.mp3"
"enya","pure_moods_iii","only_if","1","tracks/enya/pure_moods_iii/01-only_if.mp3"
"fatboy_slim","classical_chillout_album_volume_2_cd_1","praise_you","13","tracks/fatboy_slim/classical_chillout_album_volume_2_cd_1/13-praise_you.mp3"
"fatboy_slim","halfway_between_the_gutter_and_the_stars","demons","10","tracks/fatboy_slim/halfway_between_the_gutter_and_the_stars/10-demons.mp3"
"fatboy_slim","halfway_between_the_gutter_and_the_stars","drop_the_hate","9","tracks/fatboy_slim/halfway_between_the_gutter_and_the_stars/09-drop_the_hate.mp3"
"fatboy_slim","halfway_between_the_gutter_and_the_stars","love_life","4","tracks/fatboy_slim/halfway_between_the_gutter_and_the_stars/04-love_life.mp3"
"fatboy_slim","halfway_between_the_gutter_and_the_stars","mad_flava","6","tracks/fatboy_slim/halfway_between_the_gutter_and_the_stars/06-mad_flava.mp3"
"fatboy_slim","halfway_between_the_gutter_and_the_stars","retox","7","tracks/fatboy_slim/halfway_between_the_gutter_and_the_stars/07-retox.mp3"
"fatboy_slim","halfway_between_the_gutter_and_the_stars","song_for_shelter","11","tracks/fatboy_slim/halfway_between_the_gutter_and_the_stars/11-song_for_shelter.mp3"
"fatboy_slim","halfway_between_the_gutter_and_the_stars","star_69","2","tracks/fatboy_slim/halfway_between_the_gutter_and_the_stars/02-star_69.mp3"
"fatboy_slim","halfway_between_the_gutter_and_the_stars","talking_bout_my_baby","1","tracks/fatboy_slim/halfway_between_the_gutter_and_the_stars/01-talking_bout_my_baby.mp3"
"fatboy_slim","halfway_between_the_gutter_and_the_stars","yamama","5","tracks/fatboy_slim/halfway_between_the_gutter_and_the_stars/05-yamama.mp3"
"foo_fighters","one_by_one","all_my_life","1","tracks/foo_fighters/one_by_one/01-all_my_life.mp3"
"foo_fighters","one_by_one","have_it_all","3","tracks/foo_fighters/one_by_one/03-have_it_all.mp3"
"foo_fighters","one_by_one","lonely_as_you","8","tracks/foo_fighters/one_by_one/08-lonely_as_you.mp3"
"foo_fighters","one_by_one","low","2","tracks/foo_fighters/one_by_one/02-low.mp3"
"foo_fighters","unplugged_more","ain_t_it_the_life","5","tracks/foo_fighters/unplugged_more/05-ain_t_it_the_life.mp3"
"foo_fighters","unplugged_more","breakout","2","tracks/foo_fighters/unplugged_more/02-breakout.mp3"
"foo_fighters","unplugged_more","down_in_the_park","17","tracks/foo_fighters/unplugged_more/17-down_in_the_park.mp3"
"foo_fighters","unplugged_more","floaty","10","tracks/foo_fighters/unplugged_more/10-floaty.mp3"
"foo_fighters","unplugged_more","floaty","14","tracks/foo_fighters/unplugged_more/14-floaty.mp3"
"foo_fighters","unplugged_more","learn_to_fly","11","tracks/foo_fighters/unplugged_more/11-learn_to_fly.mp3"
"fugees","score","cowboys","11","tracks/fugees/score/11-cowboys.mp3"
"fugees","score","family_business","7","tracks/fugees/score/07-family_business.mp3"
"fugees","score","fugeela","14","tracks/fugees/score/14-fugeela.mp3"
"fugees","score","killing_me_softly","8","tracks/fugees/score/08-killing_me_softly.mp3"
"fugees","score","manifestoutro","13","tracks/fugees/score/13-manifestoutro.mp3"
"fugees","score","mask","10","tracks/fugees/score/10-mask.mp3"
"fugees","score","mista_mista","16","tracks/fugees/score/16-mista_mista.mp3"
"fugees","score","no_woman_no_cry","12","tracks/fugees/score/12-no_woman_no_cry.mp3"
"fugees","score","score","9","tracks/fugees/score/09-score.mp3"
"fugees","score","zealots","4","tracks/fugees/score/04-zealots.mp3"
"genesis","invisible_touch","anything_she_does","5","tracks/genesis/invisible_touch/05-anything_she_does.mp3"
"genesis","invisible_touch","brazillian","8","tracks/genesis/invisible_touch/08-brazillian.mp3"
"genesis","invisible_touch","domino","6","tracks/genesis/invisible_touch/06-domino.mp3"
"genesis","invisible_touch","in_too_deep","4","tracks/genesis/invisible_touch/04-in_too_deep.mp3"
"genesis","invisible_touch","invisible_touch","1","tracks/genesis/invisible_touch/01-invisible_touch.mp3"
"genesis","we_cant_dance","dreaming_while_you_sleep","6","tracks/genesis/we_cant_dance/06-dreaming_while_you_sleep.mp3"
"genesis","we_cant_dance","never_a_time","5","tracks/genesis/we_cant_dance/05-never_a_time.mp3"
"genesis","we_cant_dance","since_i_lost_you","11","tracks/genesis/we_cant_dance/11-since_i_lost_you.mp3"
"genesis","we_cant_dance","tell_me_why","7","tracks/genesis/we_cant_dance/07-tell_me_why.mp3"
"genesis","we_cant_dance","way_of_the_world","10","tracks/genesis/we_cant_dance/10-way_of_the_world.mp3"
"gorillaz","gorillaz","15_m1a1_contains_hidden_track","15","tracks/gorillaz/gorillaz/15-15_m1a1_contains_hidden_track.mp3"
"gorillaz","gorillaz","clint_eastwood","5","tracks/gorillaz/gorillaz/05-clint_eastwood.mp3"
"gorillaz","gorillaz","latin_simone","12","tracks/gorillaz/gorillaz/12-latin_simone.mp3"
"gorillaz","gorillaz","man_research","6","tracks/gorillaz/gorillaz/06-man_research.mp3"
"gorillaz","gorillaz","man_researchclapper","6","tracks/gorillaz/gorillaz/06-man_researchclapper.mp3"
"gorillaz","gorillaz","new_geniousbrother","4","tracks/gorillaz/gorillaz/04-new_geniousbrother.mp3"
"gorillaz","gorillaz","punk","7","tracks/gorillaz/gorillaz/07-punk.mp3"
"gorillaz","gorillaz","re_ash","1","tracks/gorillaz/gorillaz/01-re_ash.mp3"
"gorillaz","gorillaz","slow_coutry","14","tracks/gorillaz/gorillaz/14-slow_coutry.mp3"
"gorillaz","gorillaz","starshine","13","tracks/gorillaz/gorillaz/13-starshine.mp3"
"jamiroquai","funk_odyssey","black_crow","7","tracks/jamiroquai/funk_odyssey/07-black_crow.mp3"
"jamiroquai","funk_odyssey","do_it_like_we_used_to_do","11","tracks/jamiroquai/funk_odyssey/11-do_it_like_we_used_to_do.mp3"
"jamiroquai","funk_odyssey","picture_of_my_life","10","tracks/jamiroquai/funk_odyssey/10-picture_of_my_life.mp3"
"jamiroquai","little_l","little_l_boris_dlugosch_mix","4","tracks/jamiroquai/little_l/04-little_l_boris_dlugosch_mix.mp3"
"jamiroquai","travelling_without_moving","cosmic_girl","2","tracks/jamiroquai/travelling_without_moving/02-cosmic_girl.mp3"
"jamiroquai","travelling_without_moving","didjerama","8","tracks/jamiroquai/travelling_without_moving/08-didjerama.mp3"
"jamiroquai","travelling_without_moving","high_times","6","tracks/jamiroquai/travelling_without_moving/06-high_times.mp3"
"jamiroquai","travelling_without_moving","spend_a_lifetime","12","tracks/jamiroquai/travelling_without_moving/12-spend_a_lifetime.mp3"
"jamiroquai","travelling_without_moving","use_the_force","3","tracks/jamiroquai/travelling_without_moving/03-use_the_force.mp3"
"jamiroquai","travelling_without_moving","virtual_insanity","1","tracks/jamiroquai/travelling_without_moving/01-virtual_insanity.mp3"
"jessica_simpson","sweet_kisses","betcha_she_dont_love_you","7","tracks/jessica_simpson/sweet_kisses/07-betcha_she_dont_love_you.mp3"
"jessica_simpson","sweet_kisses","final_heartbreak","4","tracks/jessica_simpson/sweet_kisses/04-final_heartbreak.mp3"
"jessica_simpson","sweet_kisses","heart_of_innocence","11","tracks/jessica_simpson/sweet_kisses/11-heart_of_innocence.mp3"
"jessica_simpson","sweet_kisses","i_think_im_in_love_with_you","2","tracks/jessica_simpson/sweet_kisses/02-i_think_im_in_love_with_you.mp3"
"jessica_simpson","sweet_kisses","i_wanna_love_you_forever","1","tracks/jessica_simpson/sweet_kisses/01-i_wanna_love_you_forever.mp3"
"jessica_simpson","sweet_kisses","ive_got_my_eyes_on_you","6","tracks/jessica_simpson/sweet_kisses/06-ive_got_my_eyes_on_you.mp3"
"jessica_simpson","sweet_kisses","my_wonderful","8","tracks/jessica_simpson/sweet_kisses/08-my_wonderful.mp3"
"jessica_simpson","sweet_kisses","woman_in_me_feat_destinys_child","5","tracks/jessica_simpson/sweet_kisses/05-woman_in_me_feat_destinys_child.mp3"
"jessica_simpson","sweet_kisses","you_dont_know_what_love_is","12","tracks/jessica_simpson/sweet_kisses/12-you_dont_know_what_love_is.mp3"
"jessica_simpson","sweet_kisses","your_faith_in_me","10","tracks/jessica_simpson/sweet_kisses/10-your_faith_in_me.mp3"
"korn","korn","ball_tongue","2","tracks/korn/korn/02-ball_tongue.mp3"
"korn","korn","blind","1","tracks/korn/korn/01-blind.mp3"
"korn","korn","clown","4","tracks/korn/korn/04-clown.mp3"
"korn","korn","daddy","12","tracks/korn/korn/12-daddy.mp3"
"korn","korn","divine","5","tracks/korn/korn/05-divine.mp3"
"korn","korn","faget","6","tracks/korn/korn/06-faget.mp3"
"korn","korn","fake","9","tracks/korn/korn/09-fake.mp3"
"korn","korn","lies","10","tracks/korn/korn/10-lies.mp3"
"korn","korn","need_to","3","tracks/korn/korn/03-need_to.mp3"
"korn","korn","shoots_and_ladders","7","tracks/korn/korn/07-shoots_and_ladders.mp3"
"led_zeppelin","early_days_latter_days","kashmir","5","tracks/led_zeppelin/early_days_latter_days/05-kashmir.mp3"
"led_zeppelin","early_days_latter_days","since_i_ve_been_loving_you","8","tracks/led_zeppelin/early_days_latter_days/08-since_i_ve_been_loving_you.mp3"
"led_zeppelin","early_days_latter_days","when_the_levee_breaks","12","tracks/led_zeppelin/early_days_latter_days/12-when_the_levee_breaks.mp3"
"led_zeppelin","iii","immigrant_song","1","tracks/led_zeppelin/iii/01-immigrant_song.mp3"
"led_zeppelin","iii","that_s_the_way","8","tracks/led_zeppelin/iii/08-that_s_the_way.mp3"
"led_zeppelin","presence","hots_on_for_nowhere","6","tracks/led_zeppelin/presence/06-hots_on_for_nowhere.mp3"
"led_zeppelin","remasters_cd_1","dazed_and_confused","4","tracks/led_zeppelin/remasters_cd_1/04-dazed_and_confused.mp3"
"led_zeppelin","remasters_cd_1","immigrant_song","8","tracks/led_zeppelin/remasters_cd_1/08-immigrant_song.mp3"
"led_zeppelin","remasters_cd_1","misty_mountain_hop","14","tracks/led_zeppelin/remasters_cd_1/14-misty_mountain_hop.mp3"
"led_zeppelin","remasters_cd_1","whole_lotta_love","5","tracks/led_zeppelin/remasters_cd_1/05-whole_lotta_love.mp3"
"linkin_park","coca_cola_hits_2003","numb","5","tracks/linkin_park/coca_cola_hits_2003/05-numb.mp3"
"linkin_park","hybrid_theory","in_the_end","8","tracks/linkin_park/hybrid_theory/08-in_the_end.mp3"
"linkin_park","hybrid_theory","place_for_my_head","9","tracks/linkin_park/hybrid_theory/09-place_for_my_head.mp3"
"linkin_park","hybrid_theory","pushing_me_away","12","tracks/linkin_park/hybrid_theory/12-pushing_me_away.mp3"
"linkin_park","reanimation","frgt10_alchemist_feat_chali_2na","5","tracks/linkin_park/reanimation/05-frgt10_alchemist_feat_chali_2na.mp3"
"linkin_park","reanimation","h_vltg3_evidence_feat_pharoahe_monch_dj_babu","9","tracks/linkin_park/reanimation/09-h_vltg3_evidence_feat_pharoahe_monch_dj_babu.mp3"
"linkin_park","reanimation","kyur4_th_ich_chairman_hahn","18","tracks/linkin_park/reanimation/18-kyur4_th_ich_chairman_hahn.mp3"
"linkin_park","reanimation","p5hng_me_away_mike_shinoda_feat_stephen_richards","6","tracks/linkin_park/reanimation/06-p5hng_me_away_mike_shinoda_feat_stephen_richards.mp3"
"linkin_park","reanimation","riff_raff","10","tracks/linkin_park/reanimation/10-riff_raff.mp3"
"linkin_park","reanimation","withyou_chairman_hahn_feat_aceyalone","11","tracks/linkin_park/reanimation/11-withyou_chairman_hahn_feat_aceyalone.mp3"
"madonna","die_another_day","die_another_day_dirty_vegas_main_mix","2","tracks/madonna/die_another_day/02-die_another_day_dirty_vegas_main_mix.mp3"
"madonna","die_another_day","die_another_day_radio_edit","1","tracks/madonna/die_another_day/01-die_another_day_radio_edit.mp3"
"madonna","die_another_day","die_another_day_thee_retrolectro_mix","3","tracks/madonna/die_another_day/03-die_another_day_thee_retrolectro_mix.mp3"
"madonna","die_another_day_ost","die_another_day","1","tracks/madonna/die_another_day_ost/01-die_another_day.mp3"
"madonna","ray_of_light","drowned_world_substitute_for_love","1","tracks/madonna/ray_of_light/01-drowned_world_substitute_for_love.mp3"
"madonna","ray_of_light","little_star","12","tracks/madonna/ray_of_light/12-little_star.mp3"
"madonna","ray_of_light","power_of_goodbye","10","tracks/madonna/ray_of_light/10-power_of_goodbye.mp3"
"madonna","ray_of_light","ray_of_light","3","tracks/madonna/ray_of_light/03-ray_of_light.mp3"
"madonna","ray_of_light","sky_fits_heaven","7","tracks/madonna/ray_of_light/07-sky_fits_heaven.mp3"
"madonna","ray_of_light","to_have_and_not_to_hold","11","tracks/madonna/ray_of_light/11-to_have_and_not_to_hold.mp3"
"mariah_carey","charmbracelet","irresistable_remix_feat_westsi","11","tracks/mariah_carey/charmbracelet/11-irresistable_remix_feat_westsi.mp3"
"mariah_carey","charmbracelet","you_got_me_feat_jay_z_and_free","5","tracks/mariah_carey/charmbracelet/05-you_got_me_feat_jay_z_and_free.mp3"
"mariah_carey","charmbracelet","yours","4","tracks/mariah_carey/charmbracelet/04-yours.mp3"
"mariah_carey","glitter","don_t_stop_funkin_4_jamaica_featuring_mystikal","5","tracks/mariah_carey/glitter/05-don_t_stop_funkin_4_jamaica_featuring_mystikal.mp3"
"mariah_carey","glitter","reflections_care_enough","7","tracks/mariah_carey/glitter/07-reflections_care_enough.mp3"
"mariah_carey","heartbreaker","against_all_odds_take_a_look_at_me_now","9","tracks/mariah_carey/heartbreaker/09-against_all_odds_take_a_look_at_me_now.mp3"
"mariah_carey","heartbreaker","bliss","3","tracks/mariah_carey/heartbreaker/03-bliss.mp3"
"mariah_carey","heartbreaker","heartbreaker_remix_feat_da_brat_missy_elliott","7","tracks/mariah_carey/heartbreaker/07-heartbreaker_remix_feat_da_brat_missy_elliott.mp3"
"mariah_carey","heartbreaker","how_much_feat_usher","4","tracks/mariah_carey/heartbreaker/04-how_much_feat_usher.mp3"
"mariah_carey","heartbreaker","vulnerability_interlude","8","tracks/mariah_carey/heartbreaker/08-vulnerability_interlude.mp3"
"melanie_c","northern_star","be_the_one","10","tracks/melanie_c/northern_star/10-be_the_one.mp3"
"melanie_c","northern_star","feel_the_sun","12","tracks/melanie_c/northern_star/12-feel_the_sun.mp3"
"melanie_c","northern_star","ga_ga","9","tracks/melanie_c/northern_star/09-ga_ga.mp3"
"melanie_c","northern_star","go","1","tracks/melanie_c/northern_star/01-go.mp3"
"melanie_c","northern_star","goin_down","3","tracks/melanie_c/northern_star/03-goin_down.mp3"
"melanie_c","northern_star","i_turn_to_you","4","tracks/melanie_c/northern_star/04-i_turn_to_you.mp3"
"melanie_c","northern_star","if_that_were_me","5","tracks/melanie_c/northern_star/05-if_that_were_me.mp3"
"melanie_c","northern_star","never_be_the_same_again","13","tracks/melanie_c/northern_star/13-never_be_the_same_again.mp3"
"melanie_c","northern_star","suddenly_monday","8","tracks/melanie_c/northern_star/08-suddenly_monday.mp3"
"melanie_c","northern_star","why","7","tracks/melanie_c/northern_star/07-why.mp3"
"mike_oldfield","guitars","muse","1","tracks/mike_oldfield/guitars/01-muse.mp3"
"mike_oldfield","guitars","out_of_mind","9","tracks/mike_oldfield/guitars/09-out_of_mind.mp3"
"mike_oldfield","platinum_cd1","mike_oldfield_the_song_of_the_sun","18","tracks/mike_oldfield/platinum_cd1/18-mike_oldfield_the_song_of_the_sun.mp3"
"mike_oldfield","tres_lunas","no_mans_land_reprise","13","tracks/mike_oldfield/tres_lunas/13-no_mans_land_reprise.mp3"
"mike_oldfield","tres_lunas","no_mans_land_reprise_bonus_track","13","tracks/mike_oldfield/tres_lunas/13-no_mans_land_reprise_bonus_track.mp3"
"mike_oldfield","tres_lunas","sirius","12","tracks/mike_oldfield/tres_lunas/12-sirius.mp3"
"mike_oldfield","tres_lunas","viper","5","tracks/mike_oldfield/tres_lunas/05-viper.mp3"
"mike_oldfield","tubular_bells_ii","sentinel","1","tracks/mike_oldfield/tubular_bells_ii/01-sentinel.mp3"
"mike_oldfield","tubular_bells_iii","jewel_in_the_crown","3","tracks/mike_oldfield/tubular_bells_iii/03-jewel_in_the_crown.mp3"
"mike_oldfield","tubular_bells_iii","watchful_eye","2","tracks/mike_oldfield/tubular_bells_iii/02-watchful_eye.mp3"
"moby","18_retail","18","12","tracks/moby/18_retail/12-18.mp3"
"moby","18_retail","at_least_we_tried","14","tracks/moby/18_retail/14-at_least_we_tried.mp3"
"moby","18_retail","jam_for_the_ladies","10","tracks/moby/18_retail/10-jam_for_the_ladies.mp3"
"moby","18_retail","look_back_in","16","tracks/moby/18_retail/16-look_back_in.mp3"
"moby","18_retail","rafters","17","tracks/moby/18_retail/17-rafters.mp3"
"moby","18_retail","signs_of_love","5","tracks/moby/18_retail/05-signs_of_love.mp3"
"moby","18_retail","sunday_the_day_before_my_birt","11","tracks/moby/18_retail/11-sunday_the_day_before_my_birt.mp3"
"moby","play","everloving","14","tracks/moby/play/14-everloving.mp3"
"moby","play","my_weakness","18","tracks/moby/play/18-my_weakness.mp3"
"moby","play","sky_is_broken","17","tracks/moby/play/17-sky_is_broken.mp3"
"muse","absolution","endlessly","12","tracks/muse/absolution/12-endlessly.mp3"
"muse","absolution","hysteria","8","tracks/muse/absolution/08-hysteria.mp3"
"muse","absolution","stockholm_syndrome","5","tracks/muse/absolution/05-stockholm_syndrome.mp3"
"muse","absolution_japanese_bonus_tra","fury","1","tracks/muse/absolution_japanese_bonus_tra/01-fury.mp3"
"muse","showbiz","escape","10","tracks/muse/showbiz/10-escape.mp3"
"muse","showbiz","muscle_museum","2","tracks/muse/showbiz/02-muscle_museum.mp3"
"muse","showbiz","showbiz","6","tracks/muse/showbiz/06-showbiz.mp3"
"muse","showbiz","sober","9","tracks/muse/showbiz/09-sober.mp3"
"muse","showbiz","unintended","7","tracks/muse/showbiz/07-unintended.mp3"
"muse","showbiz","uno","8","tracks/muse/showbiz/08-uno.mp3"
"natalie_imbruglia","white_lilies_island","beauty_on_the_fire","2","tracks/natalie_imbruglia/white_lilies_island/02-beauty_on_the_fire.mp3"
"natalie_imbruglia","white_lilies_island","butterflies","11","tracks/natalie_imbruglia/white_lilies_island/11-butterflies.mp3"
"natalie_imbruglia","white_lilies_island","do_you_love","4","tracks/natalie_imbruglia/white_lilies_island/04-do_you_love.mp3"
"natalie_imbruglia","white_lilies_island","everything_goes","7","tracks/natalie_imbruglia/white_lilies_island/07-everything_goes.mp3"
"natalie_imbruglia","white_lilies_island","goodbye","6","tracks/natalie_imbruglia/white_lilies_island/06-goodbye.mp3"
"natalie_imbruglia","white_lilies_island","hurricane","8","tracks/natalie_imbruglia/white_lilies_island/08-hurricane.mp3"
"natalie_imbruglia","white_lilies_island","satellite","3","tracks/natalie_imbruglia/white_lilies_island/03-satellite.mp3"
"natalie_imbruglia","white_lilies_island","sunlight","9","tracks/natalie_imbruglia/white_lilies_island/09-sunlight.mp3"
"natalie_imbruglia","white_lilies_island","talk_in_tongues","10","tracks/natalie_imbruglia/white_lilies_island/10-talk_in_tongues.mp3"
"natalie_imbruglia","white_lilies_island","wrong_impression","5","tracks/natalie_imbruglia/white_lilies_island/05-wrong_impression.mp3"
"oasis","heathen_chemistry","better_man","11","tracks/oasis/heathen_chemistry/11-better_man.mp3"
"oasis","heathen_chemistry","born_on_a_different_cloud","10","tracks/oasis/heathen_chemistry/10-born_on_a_different_cloud.mp3"
"oasis","heathen_chemistry","hindu_times","1","tracks/oasis/heathen_chemistry/01-hindu_times.mp3"
"oasis","heathen_chemistry","hung_in_a_bad_place","3","tracks/oasis/heathen_chemistry/03-hung_in_a_bad_place.mp3"
"oasis","heathen_chemistry","little_by_little","6","tracks/oasis/heathen_chemistry/06-little_by_little.mp3"
"oasis","heathen_chemistry","probably_all_in_the_mind","8","tracks/oasis/heathen_chemistry/08-probably_all_in_the_mind.mp3"
"oasis","heathen_chemistry","quick_peep","7","tracks/oasis/heathen_chemistry/07-quick_peep.mp3"
"oasis","heathen_chemistry","she_is_love","9","tracks/oasis/heathen_chemistry/09-she_is_love.mp3"
"oasis","heathen_chemistry","songbird","5","tracks/oasis/heathen_chemistry/05-songbird.mp3"
"oasis","heathen_chemistry","stop_crying_your_heart_out","4","tracks/oasis/heathen_chemistry/04-stop_crying_your_heart_out.mp3"
"pet_shop_boys","closer_to_heaven","closer_to_heaven_straight_dave","16","tracks/pet_shop_boys/closer_to_heaven/16-closer_to_heaven_straight_dave.mp3"
"pet_shop_boys","closer_to_heaven","closer_to_heaven_straight_dave_and_mile_end_lee","12","tracks/pet_shop_boys/closer_to_heaven/12-closer_to_heaven_straight_dave_and_mile_end_lee.mp3"
"pet_shop_boys","closer_to_heaven","it_s_just_my_little_tribute_to_caligula_darling_billie_trix_and_babes","7","tracks/pet_shop_boys/closer_to_heaven/07-it_s_just_my_little_tribute_to_caligula_darling_billie_trix_and_babes.mp3"
"pet_shop_boys","closer_to_heaven","out_of_my_system_shell_and_babes","13","tracks/pet_shop_boys/closer_to_heaven/13-out_of_my_system_shell_and_babes.mp3"
"pet_shop_boys","closer_to_heaven","shameless_vile_celebrities","10","tracks/pet_shop_boys/closer_to_heaven/10-shameless_vile_celebrities.mp3"
"pet_shop_boys","closer_to_heaven_musical","something_special_straight_da","2","tracks/pet_shop_boys/closer_to_heaven_musical/02-something_special_straight_da.mp3"
"pet_shop_boys","release","birthday_boy","3","tracks/pet_shop_boys/release/03-birthday_boy.mp3"
"pet_shop_boys","release","e_mail","5","tracks/pet_shop_boys/release/05-e_mail.mp3"
"pet_shop_boys","release","here","8","tracks/pet_shop_boys/release/08-here.mp3"
"pet_shop_boys","release","love_is_a_catastrophe","7","tracks/pet_shop_boys/release/07-love_is_a_catastrophe.mp3"
"phil_collins","dance_into_the_light","its_in_your_eyes","7","tracks/phil_collins/dance_into_the_light/07-its_in_your_eyes.mp3"
"phil_collins","dance_into_the_light","just_another_story","4","tracks/phil_collins/dance_into_the_light/04-just_another_story.mp3"
"phil_collins","dance_into_the_light","same_moon","10","tracks/phil_collins/dance_into_the_light/10-same_moon.mp3"
"phil_collins","dance_into_the_light","times_they_are_achangin","13","tracks/phil_collins/dance_into_the_light/13-times_they_are_achangin.mp3"
"phil_collins","testify","come_with_me","2","tracks/phil_collins/testify/02-come_with_me.mp3"
"phil_collins","testify","its_not_too_late","6","tracks/phil_collins/testify/06-its_not_too_late.mp3"
"phil_collins","testify","least_you_can_do","9","tracks/phil_collins/testify/09-least_you_can_do.mp3"
"phil_collins","testify","swing_low","5","tracks/phil_collins/testify/05-swing_low.mp3"
"phil_collins","testify","thru_my_eyes","11","tracks/phil_collins/testify/11-thru_my_eyes.mp3"
"phil_collins","testify","wake_up_call","1","tracks/phil_collins/testify/01-wake_up_call.mp3"
"pj_harvey","stories_from_the_city","big_exit","1","tracks/pj_harvey/stories_from_the_city/01-big_exit.mp3"
"pj_harvey","stories_from_the_city","horses_in_my_dreams","11","tracks/pj_harvey/stories_from_the_city/11-horses_in_my_dreams.mp3"
"pj_harvey","stories_from_the_city","one_line","4","tracks/pj_harvey/stories_from_the_city/04-one_line.mp3"
"pj_harvey","stories_from_the_city","place_called_home","3","tracks/pj_harvey/stories_from_the_city/03-place_called_home.mp3"
"pj_harvey","stories_from_the_city","this_is_love","10","tracks/pj_harvey/stories_from_the_city/10-this_is_love.mp3"
"pj_harvey","stories_from_the_city","this_mess_were_in","7","tracks/pj_harvey/stories_from_the_city/07-this_mess_were_in.mp3"
"pj_harvey","stories_from_the_city","we_float","12","tracks/pj_harvey/stories_from_the_city/12-we_float.mp3"
"pj_harvey","stories_from_the_city","whores_hustle_and","6","tracks/pj_harvey/stories_from_the_city/06-whores_hustle_and.mp3"
"pj_harvey","stories_from_the_city","you_said_something","8","tracks/pj_harvey/stories_from_the_city/08-you_said_something.mp3"
"pj_harvey","stories_from_the_city","beautiful_feeling","5","tracks/pj_harvey/stories_from_the_city/05-beautiful_feeling.mp3"
"prince","acoustic_set_live","case_of_you","5","tracks/prince/acoustic_set_live/05-case_of_you.mp3"
"prince","acoustic_set_live","forever_in_my_life","18","tracks/prince/acoustic_set_live/18-forever_in_my_life.mp3"
"prince","acoustic_set_live","whole_lotta_love","2","tracks/prince/acoustic_set_live/02-whole_lotta_love.mp3"
"prince","n_e_w_s","east","2","tracks/prince/n_e_w_s/02-east.mp3"
"prince","one_night_alone_retail","arboretum","10","tracks/prince/one_night_alone_retail/10-arboretum.mp3"
"prince","one_night_alone_retail","case_of_u","4","tracks/prince/one_night_alone_retail/04-case_of_u.mp3"
"prince","prince_the_very_best_of_prince","i_wanna_be_your_lover","1","tracks/prince/prince_the_very_best_of_prince/01-i_wanna_be_your_lover.mp3"
"prince","prince_the_very_best_of_prince","when_doves_cry","4","tracks/prince/prince_the_very_best_of_prince/04-when_doves_cry.mp3"
"prince","xpectation","xosphere","8","tracks/prince/xpectation/08-xosphere.mp3"
"prince","xpectation","xotica","5","tracks/prince/xpectation/05-xotica.mp3"
"radiohead","bends","bends","2","tracks/radiohead/bends/02-bends.mp3"
"radiohead","bends","bones","5","tracks/radiohead/bends/05-bones.mp3"
"radiohead","bends","high_and_dry","3","tracks/radiohead/bends/03-high_and_dry.mp3"
"radiohead","bends","sulk","11","tracks/radiohead/bends/11-sulk.mp3"
"radiohead","hail_to_the_thief","we_suck_young_blood","7","tracks/radiohead/hail_to_the_thief/07-we_suck_young_blood.mp3"
"radiohead","kid_a","genchildren","11","tracks/radiohead/kid_a/11-genchildren.mp3"
"radiohead","kid_a","how_to_disappear_completely","4","tracks/radiohead/kid_a/04-how_to_disappear_completely.mp3"
"radiohead","ok_computer","let_down","5","tracks/radiohead/ok_computer/05-let_down.mp3"
"radiohead","pop_is_dead_cdm","banana_co_live","2","tracks/radiohead/pop_is_dead_cdm/02-banana_co_live.mp3"
"radiohead","pop_is_dead_cdm","creep_live","3","tracks/radiohead/pop_is_dead_cdm/03-creep_live.mp3"
"rod_stewart","reason_to_believe","cindy_s_lament","7","tracks/rod_stewart/reason_to_believe/07-cindy_s_lament.mp3"
"rod_stewart","reason_to_believe","dixie_toot","11","tracks/rod_stewart/reason_to_believe/11-dixie_toot.mp3"
"rod_stewart","reason_to_believe","every_picture_tells_a_story","1","tracks/rod_stewart/reason_to_believe/01-every_picture_tells_a_story.mp3"
"rod_stewart","reason_to_believe","jo_s_lament","16","tracks/rod_stewart/reason_to_believe/16-jo_s_lament.mp3"
"rod_stewart","reason_to_believe","mama_you_been_on_my_mind","11","tracks/rod_stewart/reason_to_believe/11-mama_you_been_on_my_mind.mp3"
"rod_stewart","reason_to_believe","mine_for_me","15","tracks/rod_stewart/reason_to_believe/15-mine_for_me.mp3"
"rod_stewart","reason_to_believe","missed_you","16","tracks/rod_stewart/reason_to_believe/16-missed_you.mp3"
"rod_stewart","reason_to_believe","my_way_of_giving","12","tracks/rod_stewart/reason_to_believe/12-my_way_of_giving.mp3"
"rod_stewart","reason_to_believe","sweet_little_rock_n_roller","4","tracks/rod_stewart/reason_to_believe/04-sweet_little_rock_n_roller.mp3"
"rod_stewart","reason_to_believe","twistin_the_night_away","17","tracks/rod_stewart/reason_to_believe/17-twistin_the_night_away.mp3"
"sade","live_dvd","your_love_is_king_live","4","tracks/sade/live_dvd/04-your_love_is_king_live.mp3"
"sade","lovers_live","jezebel","4","tracks/sade/lovers_live/04-jezebel.mp3"
"sade","lovers_live","somebody_already_broke_my_heart","2","tracks/sade/lovers_live/02-somebody_already_broke_my_heart.mp3"
"sade","lovers_live","sweetest_taboo","8","tracks/sade/lovers_live/08-sweetest_taboo.mp3"
"sade","lovers_live_dvd","every_word_live_lcmp3","6","tracks/sade/lovers_live_dvd/06-every_word_live_lcmp3.mp3"
"sade","lovers_live_dvd","kiss_of_life_live_lcmp3","10","tracks/sade/lovers_live_dvd/10-kiss_of_life_live_lcmp3.mp3"
"sade","lovers_live_dvd","lovers_rock_live_lcmp3","14","tracks/sade/lovers_live_dvd/14-lovers_rock_live_lcmp3.mp3"
"sade","lovers_live_dvd","sweetest_gift_live_lcmp3","12","tracks/sade/lovers_live_dvd/12-sweetest_gift_live_lcmp3.mp3"
"sade","lovers_rock","about_our_love","5","tracks/sade/lovers_rock/05-about_our_love.mp3"
"sade","lovers_rock","its_only_love_that_gets_you_th","11","tracks/sade/lovers_rock/11-its_only_love_that_gets_you_th.mp3"
"savage_garden","affirmation","affirmation","1","tracks/savage_garden/affirmation/01-affirmation.mp3"
"savage_garden","affirmation","animal_song","7","tracks/savage_garden/affirmation/07-animal_song.mp3"
"savage_garden","affirmation","best_thing","4","tracks/savage_garden/affirmation/04-best_thing.mp3"
"savage_garden","affirmation","chained_to_you","6","tracks/savage_garden/affirmation/06-chained_to_you.mp3"
"savage_garden","affirmation","gunning_down_romance","11","tracks/savage_garden/affirmation/11-gunning_down_romance.mp3"
"savage_garden","affirmation","hold_me","2","tracks/savage_garden/affirmation/02-hold_me.mp3"
"savage_garden","affirmation","i_knew_i_loved_you","3","tracks/savage_garden/affirmation/03-i_knew_i_loved_you.mp3"
"savage_garden","affirmation","lover_after_me","8","tracks/savage_garden/affirmation/08-lover_after_me.mp3"
"savage_garden","affirmation","two_beds_and_a_coffee_machine","9","tracks/savage_garden/affirmation/09-two_beds_and_a_coffee_machine.mp3"
"savage_garden","affirmation","you_can_still_be_free","10","tracks/savage_garden/affirmation/10-you_can_still_be_free.mp3"
"sheryl_crow","c_mon_c_mon","steve_mcqueen","2","tracks/sheryl_crow/c_mon_c_mon/02-steve_mcqueen.mp3"
"sheryl_crow","c_mon_c_mon","you_re_an_original","6","tracks/sheryl_crow/c_mon_c_mon/06-you_re_an_original.mp3"
"sheryl_crow","cmon_cmon","abilene","11","tracks/sheryl_crow/cmon_cmon/11-abilene.mp3"
"sheryl_crow","cmon_cmon","diamond_road","9","tracks/sheryl_crow/cmon_cmon/09-diamond_road.mp3"
"sheryl_crow","cmon_cmon","weather_channel","13","tracks/sheryl_crow/cmon_cmon/13-weather_channel.mp3"
"sheryl_crow","tuesday_night_music_club","nana_song","6","tracks/sheryl_crow/tuesday_night_music_club/06-nana_song.mp3"
"sheryl_crow","tuesday_night_music_club","run_baby_run","1","tracks/sheryl_crow/tuesday_night_music_club/01-run_baby_run.mp3"
"sheryl_crow","tuesday_night_music_club","strong_enough","3","tracks/sheryl_crow/tuesday_night_music_club/03-strong_enough.mp3"
"sheryl_crow","tuesday_night_music_club","we_do_what_we_can","10","tracks/sheryl_crow/tuesday_night_music_club/10-we_do_what_we_can.mp3"
"sheryl_crow","tuesday_night_music_club","what_i_can_do_for_you","8","tracks/sheryl_crow/tuesday_night_music_club/08-what_i_can_do_for_you.mp3"
"smashing_pumpkins","siamese_dream","cherub_rock","1","tracks/smashing_pumpkins/siamese_dream/01-cherub_rock.mp3"
"smashing_pumpkins","siamese_dream","disarm","6","tracks/smashing_pumpkins/siamese_dream/06-disarm.mp3"
"smashing_pumpkins","siamese_dream","geek_u_s_a","8","tracks/smashing_pumpkins/siamese_dream/08-geek_u_s_a.mp3"
"smashing_pumpkins","siamese_dream","hummer","4","tracks/smashing_pumpkins/siamese_dream/04-hummer.mp3"
"smashing_pumpkins","siamese_dream","luna","13","tracks/smashing_pumpkins/siamese_dream/13-luna.mp3"
"smashing_pumpkins","siamese_dream","mayonaise","9","tracks/smashing_pumpkins/siamese_dream/09-mayonaise.mp3"
"smashing_pumpkins","siamese_dream","rocket","5","tracks/smashing_pumpkins/siamese_dream/05-rocket.mp3"
"smashing_pumpkins","siamese_dream","spaceboy","10","tracks/smashing_pumpkins/siamese_dream/10-spaceboy.mp3"
"smashing_pumpkins","siamese_dream","sweet_sweet","12","tracks/smashing_pumpkins/siamese_dream/12-sweet_sweet.mp3"
"smashing_pumpkins","siamese_dream","today","3","tracks/smashing_pumpkins/siamese_dream/03-today.mp3"
"spice_girls","forever","get_down_with_me","5","tracks/spice_girls/forever/05-get_down_with_me.mp3"
"spice_girls","forever","goodbye","11","tracks/spice_girls/forever/11-goodbye.mp3"
"spice_girls","forever","holler","1","tracks/spice_girls/forever/01-holler.mp3"
"spice_girls","forever","if_you_wanna_have_some_fun","9","tracks/spice_girls/forever/09-if_you_wanna_have_some_fun.mp3"
"spice_girls","forever","let_love_lead_the_way","3","tracks/spice_girls/forever/03-let_love_lead_the_way.mp3"
"spice_girls","forever","oxygen","10","tracks/spice_girls/forever/10-oxygen.mp3"
"spice_girls","forever","right_back_at_ya","4","tracks/spice_girls/forever/04-right_back_at_ya.mp3"
"spice_girls","forever","tell_me_why","2","tracks/spice_girls/forever/02-tell_me_why.mp3"
"spice_girls","forever","wasting_my_time","6","tracks/spice_girls/forever/06-wasting_my_time.mp3"
"spice_girls","forever","weekend_of_love","7","tracks/spice_girls/forever/07-weekend_of_love.mp3"
"steve_winwood","chronicles","arc_of_a_diver","7","tracks/steve_winwood/chronicles/07-arc_of_a_diver.mp3"
"steve_winwood","chronicles","help_me_angel","4","tracks/steve_winwood/chronicles/04-help_me_angel.mp3"
"steve_winwood","chronicles","my_loves_leavin","5","tracks/steve_winwood/chronicles/05-my_loves_leavin.mp3"
"steve_winwood","chronicles","spanish_dancer","9","tracks/steve_winwood/chronicles/09-spanish_dancer.mp3"
"steve_winwood","chronicles","talking_back_to_the_night","10","tracks/steve_winwood/chronicles/10-talking_back_to_the_night.mp3"
"steve_winwood","chronicles","valerie","6","tracks/steve_winwood/chronicles/06-valerie.mp3"
"steve_winwood","roll_with_it","morning_side","3","tracks/steve_winwood/roll_with_it/03-morning_side.mp3"
"steve_winwood","roll_with_it","one_more_morning","7","tracks/steve_winwood/roll_with_it/07-one_more_morning.mp3"
"steve_winwood","roll_with_it","put_on_your_dancing_shoes","4","tracks/steve_winwood/roll_with_it/04-put_on_your_dancing_shoes.mp3"
"steve_winwood","roll_with_it","shining_song","8","tracks/steve_winwood/roll_with_it/08-shining_song.mp3"
"sugar_ray","sugar_ray","answer_the_phone","1","tracks/sugar_ray/sugar_ray/01-answer_the_phone.mp3"
"sugar_ray","sugar_ray","disaster_piece","11","tracks/sugar_ray/sugar_ray/11-disaster_piece.mp3"
"sugar_ray","sugar_ray","just_a_little","10","tracks/sugar_ray/sugar_ray/10-just_a_little.mp3"
"sugar_ray","sugar_ray","ours","6","tracks/sugar_ray/sugar_ray/06-ours.mp3"
"sugar_ray","sugar_ray","sorry_now","7","tracks/sugar_ray/sugar_ray/07-sorry_now.mp3"
"sugar_ray","sugar_ray","stay_on_feat_nick_hexum","8","tracks/sugar_ray/sugar_ray/08-stay_on_feat_nick_hexum.mp3"
"sugar_ray","sugar_ray","under_the_sun","3","tracks/sugar_ray/sugar_ray/03-under_the_sun.mp3"
"sugar_ray","sugar_ray","waiting","5","tracks/sugar_ray/sugar_ray/05-waiting.mp3"
"sugar_ray","sugar_ray","when_it_s_over","2","tracks/sugar_ray/sugar_ray/02-when_it_s_over.mp3"
"sugar_ray","sugar_ray","wordsto_me","9","tracks/sugar_ray/sugar_ray/09-wordsto_me.mp3"
"texas","careful_what_you_wish_for","and_i_dream","6","tracks/texas/careful_what_you_wish_for/06-and_i_dream.mp3"
"texas","careful_what_you_wish_for","another_day","12","tracks/texas/careful_what_you_wish_for/12-another_day.mp3"
"texas","careful_what_you_wish_for","big_sleep","8","tracks/texas/careful_what_you_wish_for/08-big_sleep.mp3"
"texas","careful_what_you_wish_for","broken","2","tracks/texas/careful_what_you_wish_for/02-broken.mp3"
"texas","careful_what_you_wish_for","careful_what_you_wish_for","7","tracks/texas/careful_what_you_wish_for/07-careful_what_you_wish_for.mp3"
"texas","careful_what_you_wish_for","carousel_dub","10","tracks/texas/careful_what_you_wish_for/10-carousel_dub.mp3"
"texas","careful_what_you_wish_for","i_ll_see_it_through","4","tracks/texas/careful_what_you_wish_for/04-i_ll_see_it_through.mp3"
"texas","careful_what_you_wish_for","place_in_my_world","11","tracks/texas/careful_what_you_wish_for/11-place_in_my_world.mp3"
"texas","careful_what_you_wish_for","under_your_skin","9","tracks/texas/careful_what_you_wish_for/09-under_your_skin.mp3"
"texas","woman_vol2_2001","texas_inner_smile","8","tracks/texas/woman_vol2_2001/08-texas_inner_smile.mp3"
"tina_turner","loving_you","private_dancer","12","tracks/tina_turner/loving_you/12-private_dancer.mp3"
"tina_turner","music_of_the_millennium_cd2","what_s_love_got_to_do_with_it_tina_turner","7","tracks/tina_turner/music_of_the_millennium_cd2/07-what_s_love_got_to_do_with_it_tina_turner.mp3"
"tina_turner","private_dancer","1984","10","tracks/tina_turner/private_dancer/10-1984.mp3"
"tina_turner","private_dancer","better_be_good_to_me","7","tracks/tina_turner/private_dancer/07-better_be_good_to_me.mp3"
"tina_turner","private_dancer","help","9","tracks/tina_turner/private_dancer/09-help.mp3"
"tina_turner","private_dancer","i_might_have_been_queen","1","tracks/tina_turner/private_dancer/01-i_might_have_been_queen.mp3"
"tina_turner","private_dancer","let_s_stay_together","6","tracks/tina_turner/private_dancer/06-let_s_stay_together.mp3"
"tina_turner","private_dancer","private_dancer","5","tracks/tina_turner/private_dancer/05-private_dancer.mp3"
"tina_turner","private_dancer","steel_claw","8","tracks/tina_turner/private_dancer/08-steel_claw.mp3"
"tina_turner","private_dancer","what_s_love_got_to_do_with_it","2","tracks/tina_turner/private_dancer/02-what_s_love_got_to_do_with_it.mp3"
"tricky","blowback","bury_the_evidence","9","tracks/tricky/blowback/09-bury_the_evidence.mp3"
"tricky","blowback","song_for_yukiko","13","tracks/tricky/blowback/13-song_for_yukiko.mp3"
"tricky","vulnerable_fix_read_nfo","anti_matter_fix","2","tracks/tricky/vulnerable_fix_read_nfo/02-anti_matter_fix.mp3"
"tricky","vulnerable_fix_read_nfo","dear_god_fix","5","tracks/tricky/vulnerable_fix_read_nfo/05-dear_god_fix.mp3"
"tricky","vulnerable_fix_read_nfo","how_high_fix","6","tracks/tricky/vulnerable_fix_read_nfo/06-how_high_fix.mp3"
"tricky","vulnerable_fix_read_nfo","love_cats_fix","12","tracks/tricky/vulnerable_fix_read_nfo/12-love_cats_fix.mp3"
"tricky","vulnerable_fix_read_nfo","my_mermaid_fix","8","tracks/tricky/vulnerable_fix_read_nfo/08-my_mermaid_fix.mp3"
"tricky","vulnerable_fix_read_nfo","search_and_survive_fix","13","tracks/tricky/vulnerable_fix_read_nfo/13-search_and_survive_fix.mp3"
"tricky","vulnerable_fix_read_nfo","stay_fix","1","tracks/tricky/vulnerable_fix_read_nfo/01-stay_fix.mp3"
"tricky","vulnerable_fix_read_nfo","where_i_m_from_fix","11","tracks/tricky/vulnerable_fix_read_nfo/11-where_i_m_from_fix.mp3"
"usher","8701","good_ol_ghetto","14","tracks/usher/8701/14-good_ol_ghetto.mp3"
"usher","8701","hottest_thing","13","tracks/usher/8701/13-hottest_thing.mp3"
"usher","8701","how_do_i_say","12","tracks/usher/8701/12-how_do_i_say.mp3"
"usher","8701","i_don_t_know_featuringt_p_diddy","3","tracks/usher/8701/03-i_don_t_know_featuringt_p_diddy.mp3"
"usher","8701","i_don_t_know_ft_p_diddy","3","tracks/usher/8701/03-i_don_t_know_ft_p_diddy.mp3"
"usher","8701","if_i_want_to","7","tracks/usher/8701/07-if_i_want_to.mp3"
"usher","8701","intro_lude_8701_0207092833","1","tracks/usher/8701/01-intro_lude_8701_0207092833.mp3"
"usher","8701","t_t_p","16","tracks/usher/8701/16-t_t_p.mp3"
"usher","8701","u_don_t_have_to_call","9","tracks/usher/8701/09-u_don_t_have_to_call.mp3"
"usher","8701","without_u_interlude","10","tracks/usher/8701/10-without_u_interlude.mp3"
"zz_top","greatest_hits","doubleback","9","tracks/zz_top/greatest_hits/09-doubleback.mp3"
"zz_top","greatest_hits","gimme_all_your_lovin","1","tracks/zz_top/greatest_hits/01-gimme_all_your_lovin.mp3"
"zz_top","greatest_hits","give_it_up","12","tracks/zz_top/greatest_hits/12-give_it_up.mp3"
"zz_top","greatest_hits","gun_love","10","tracks/zz_top/greatest_hits/10-gun_love.mp3"
"zz_top","greatest_hits","my_head_s_in_mississippi","5","tracks/zz_top/greatest_hits/05-my_head_s_in_mississippi.mp3"
"zz_top","greatest_hits","pearl_necklace","6","tracks/zz_top/greatest_hits/06-pearl_necklace.mp3"
"zz_top","greatest_hits","planet_of_women","15","tracks/zz_top/greatest_hits/15-planet_of_women.mp3"
"zz_top","greatest_hits","sleeping_bag","14","tracks/zz_top/greatest_hits/14-sleeping_bag.mp3"
"zz_top","greatest_hits","tube_snake_boogie","17","tracks/zz_top/greatest_hits/17-tube_snake_boogie.mp3"
"zz_top","greatest_hits","tush","4","tracks/zz_top/greatest_hits/04-tush.mp3"
