"backstreet_boys","backstreets_back","as_long_as_you_love_me","2","tracks/backstreet_boys/backstreets_back/02-as_long_as_you_love_me.mp3"
"backstreet_boys","backstreets_back","hey_mr_dj_keep_playin_this_song","7","tracks/backstreet_boys/backstreets_back/07-hey_mr_dj_keep_playin_this_song.mp3"
"backstreet_boys","backstreets_back","thats_what_she_said","9","tracks/backstreet_boys/backstreets_back/09-thats_what_she_said.mp3"
"backstreet_boys","black_blue","time","9","tracks/backstreet_boys/black_blue/09-time.mp3"
"backstreet_boys","greatest_hits_chapter_one","call","10","tracks/backstreet_boys/greatest_hits_chapter_one/10-call.mp3"
"backstreet_boys","greatest_hits_chapter_one","shape_of_my_heart","11","tracks/backstreet_boys/greatest_hits_chapter_one/11-shape_of_my_heart.mp3"
"backstreet_boys","millennium","dont_want_you_back","6","tracks/backstreet_boys/millennium/06-dont_want_you_back.mp3"
"backstreet_boys","millennium","no_one_else_comes_close","11","tracks/backstreet_boys/millennium/11-no_one_else_comes_close.mp3"
"backstreet_boys","millennium","one_2","8","tracks/backstreet_boys/millennium/08-one_2.mp3"
"backstreet_boys","millennium","spanish_eyes","10","tracks/backstreet_boys/millennium/10-spanish_eyes.mp3"
"beach_boys","best_of_the_60s","then_i_kissed_her","1","tracks/beach_boys/best_of_the_60s/01-then_i_kissed_her.mp3"
"beach_boys","sunflower_surf_up","day_in_the_life_of_a_tr","20","tracks/beach_boys/sunflower_surf_up/20-day_in_the_life_of_a_tr.mp3"
"beach_boys","sunflower_surf_up","slip_on_through","1","tracks/beach_boys/sunflower_surf_up/01-slip_on_through.mp3"
"beach_boys","sunflower_surf_up","take_a_load_off_your_feet","15","tracks/beach_boys/sunflower_surf_up/15-take_a_load_off_your_feet.mp3"
"beach_boys","surfin_safari_surfin_u_s_a","heads_you_win_tails_i_lose","8","tracks/beach_boys/surfin_safari_surfin_u_s_a/08-heads_you_win_tails_i_lose.mp3"
"beach_boys","surfin_safari_surfin_u_s_a","honky_tonk","20","tracks/beach_boys/surfin_safari_surfin_u_s_a/20-honky_tonk.mp3"
"beach_boys","surfin_safari_surfin_u_s_a","lonely_sea","17","tracks/beach_boys/surfin_safari_surfin_u_s_a/17-lonely_sea.mp3"
"beach_boys","surfin_safari_surfin_u_s_a","shift","12","tracks/beach_boys/surfin_safari_surfin_u_s_a/12-shift.mp3"
"beach_boys","surfin_safari_surfin_u_s_a","stoked","16","tracks/beach_boys/surfin_safari_surfin_u_s_a/16-stoked.mp3"
"beach_boys","surfin_safari_surfin_u_s_a","ten_little_indians","3","tracks/beach_boys/surfin_safari_surfin_u_s_a/03-ten_little_indians.mp3"
"beck","beck","zatyricon","8","tracks/beck/beck/08-zatyricon.mp3"
"beck","midnite_vultures","hollywood_freaks","5","tracks/beck/midnite_vultures/05-hollywood_freaks.mp3"
"beck","midnite_vultures","peaches_cream","6","tracks/beck/midnite_vultures/06-peaches_cream.mp3"
"beck","midnite_vultures","sexx_laws","1","tracks/beck/midnite_vultures/01-sexx_laws.mp3"
"beck","mutations","diamond_bollocks","12","tracks/beck/mutations/12-diamond_bollocks.mp3"
"beck","mutations","o_maria","9","tracks/beck/mutations/09-o_maria.mp3"
"beck","mutations","tropicalia","6","tracks/beck/mutations/06-tropicalia.mp3"
"beck","sea_change","already_dead","9","tracks/beck/sea_change/09-already_dead.mp3"
"beck","sea_change","little_one","11","tracks/beck/sea_change/11-little_one.mp3"
"beck","sea_change","nothing_i_haven_t_seen","6","tracks/beck/sea_change/06-nothing_i_haven_t_seen.mp3"
"bloodhound_gang","hooray_for_boobies","bad_touch","10","tracks/bloodhound_gang/hooray_for_boobies/10-bad_touch.mp3"
"bloodhound_gang","hooray_for_boobies","ballad_of_chasey_lane","7","tracks/bloodhound_gang/hooray_for_boobies/07-ballad_of_chasey_lane.mp3"
"bloodhound_gang","hooray_for_boobies","hell_yeah","13","tracks/bloodhound_gang/hooray_for_boobies/13-hell_yeah.mp3"
"bloodhound_gang","hooray_for_boobies","lap_dance_is_so_much_better_when_the_stripper_is_crying","16","tracks/bloodhound_gang/hooray_for_boobies/16-lap_dance_is_so_much_better_when_the_stripper_is_crying.mp3"
"bloodhound_gang","hooray_for_boobies","mope","5","tracks/bloodhound_gang/hooray_for_boobies/05-mope.mp3"
"bloodhound_gang","hooray_for_boobies","right_turn_clyde","14","tracks/bloodhound_gang/hooray_for_boobies/14-right_turn_clyde.mp3"
"bloodhound_gang","hooray_for_boobies","take_the_long_way_home","12","tracks/bloodhound_gang/hooray_for_boobies/12-take_the_long_way_home.mp3"
"bloodhound_gang","hooray_for_boobies","ten_coolest_things_about_new_jersey","17","tracks/bloodhound_gang/hooray_for_boobies/17-ten_coolest_things_about_new_jersey.mp3"
"bloodhound_gang","hooray_for_boobies","this_is_stupid","15","tracks/bloodhound_gang/hooray_for_boobies/15-this_is_stupid.mp3"
"bloodhound_gang","hooray_for_boobies","yummy_down_on_this","6","tracks/bloodhound_gang/hooray_for_boobies/06-yummy_down_on_this.mp3"
"bob_dylan","essential_bob_dylan_disc_1","don_t_think_twice_it_s_all_right","2","tracks/bob_dylan/essential_bob_dylan_disc_1/02-don_t_think_twice_it_s_all_right.mp3"
"bob_dylan","essential_bob_dylan_disc_1","i_ll_be_your_baby_tonight","17","tracks/bob_dylan/essential_bob_dylan_disc_1/17-i_ll_be_your_baby_tonight.mp3"
"bob_dylan","essential_bob_dylan_disc_1","if_not_for_you","19","tracks/bob_dylan/essential_bob_dylan_disc_1/19-if_not_for_you.mp3"
"bob_dylan","essential_bob_dylan_disc_1","it_ain_t_me_babe","4","tracks/bob_dylan/essential_bob_dylan_disc_1/04-it_ain_t_me_babe.mp3"
"bob_dylan","essential_bob_dylan_disc_1","like_a_rolling_stone","9","tracks/bob_dylan/essential_bob_dylan_disc_1/09-like_a_rolling_stone.mp3"
"bob_dylan","essential_bob_dylan_disc_1","you_ain_t_goin_nowhere","21","tracks/bob_dylan/essential_bob_dylan_disc_1/21-you_ain_t_goin_nowhere.mp3"
"bob_dylan","love_and_theft","po_boy","10","tracks/bob_dylan/love_and_theft/10-po_boy.mp3"
"bob_dylan","love_and_theft","sugar_baby","12","tracks/bob_dylan/love_and_theft/12-sugar_baby.mp3"
"bob_dylan","love_and_theft","summer_days","3","tracks/bob_dylan/love_and_theft/03-summer_days.mp3"
"bob_dylan","vanilla_sky","fourth_time_around","14","tracks/bob_dylan/vanilla_sky/14-fourth_time_around.mp3"
"britney_spears","britney","cinderella","8","tracks/britney_spears/britney/08-cinderella.mp3"
"britney_spears","britney","i_m_not_a_girl_not_yet_a_woman","4","tracks/britney_spears/britney/04-i_m_not_a_girl_not_yet_a_woman.mp3"
"britney_spears","britney","lonely","3","tracks/britney_spears/britney/03-lonely.mp3"
"britney_spears","britney","overprotected","2","tracks/britney_spears/britney/02-overprotected.mp3"
"britney_spears","now_50_thats_what_i_call_music_cd2","i_m_a_slave_4_u","7","tracks/britney_spears/now_50_thats_what_i_call_music_cd2/07-i_m_a_slave_4_u.mp3"
"britney_spears","oopsi_did_it_again","dont_go_knocking_on_my_door","3","tracks/britney_spears/oopsi_did_it_again/03-dont_go_knocking_on_my_door.mp3"
"britney_spears","oopsi_did_it_again","lucky","7","tracks/britney_spears/oopsi_did_it_again/07-lucky.mp3"
"britney_spears","oopsi_did_it_again","on_kiss_from_you","8","tracks/britney_spears/oopsi_did_it_again/08-on_kiss_from_you.mp3"
"britney_spears","overprotected_cds","i_m_a_slave_4_u_album_version","5","tracks/britney_spears/overprotected_cds/05-i_m_a_slave_4_u_album_version.mp3"
"britney_spears","overprotected_cds","overprotected_album_version","1","tracks/britney_spears/overprotected_cds/01-overprotected_album_version.mp3"
"cake","comfort_eagle","arco_arena","6","tracks/cake/comfort_eagle/06-arco_arena.mp3"
"cake","comfort_eagle","commissioning_a_symphony_in_c","5","tracks/cake/comfort_eagle/05-commissioning_a_symphony_in_c.mp3"
"cake","comfort_eagle","long_line_of_cars","8","tracks/cake/comfort_eagle/08-long_line_of_cars.mp3"
"cake","comfort_eagle","love_you_madly","9","tracks/cake/comfort_eagle/09-love_you_madly.mp3"
"cake","comfort_eagle","meanwhile_rick_james","2","tracks/cake/comfort_eagle/02-meanwhile_rick_james.mp3"
"cake","comfort_eagle","opera_singer","1","tracks/cake/comfort_eagle/01-opera_singer.mp3"
"cake","comfort_eagle","pretty_pink_ribbon","10","tracks/cake/comfort_eagle/10-pretty_pink_ribbon.mp3"
"cake","comfort_eagle","shadow_stabbing","3","tracks/cake/comfort_eagle/03-shadow_stabbing.mp3"
"cake","comfort_eagle","short_skirt_long_jacket","4","tracks/cake/comfort_eagle/04-short_skirt_long_jacket.mp3"
"cake","comfort_eagle","world_of_two","11","tracks/cake/comfort_eagle/11-world_of_two.mp3"
"chemical_brothers","come_with_us","pioneer_skies","9","tracks/chemical_brothers/come_with_us/09-pioneer_skies.mp3"
"chemical_brothers","dig_your_own_hole","block_rockin_beats","1","tracks/chemical_brothers/dig_your_own_hole/01-block_rockin_beats.mp3"
"chemical_brothers","dig_your_own_hole","don_t_stop_the_rock","7","tracks/chemical_brothers/dig_your_own_hole/07-don_t_stop_the_rock.mp3"
"chemical_brothers","dig_your_own_hole","it_doesn_t_matter","6","tracks/chemical_brothers/dig_your_own_hole/06-it_doesn_t_matter.mp3"
"chemical_brothers","it_began_in_africa_single_cd","it_began_in_africa_edit_chemical_brothers","1","tracks/chemical_brothers/it_began_in_africa_single_cd/01-it_began_in_africa_edit_chemical_brothers.mp3"
"chemical_brothers","surrender","asleep_from_day","7","tracks/chemical_brothers/surrender/07-asleep_from_day.mp3"
"chemical_brothers","surrender","hey_boy_hey_girl","9","tracks/chemical_brothers/surrender/09-hey_boy_hey_girl.mp3"
"chemical_brothers","surrender","let_forever_be","5","tracks/chemical_brothers/surrender/05-let_forever_be.mp3"
"chemical_brothers","surrender","sunshine_underground","6","tracks/chemical_brothers/surrender/06-sunshine_underground.mp3"
"chemical_brothers","surrender","surrender","10","tracks/chemical_brothers/surrender/10-surrender.mp3"
"chris_isaak","always_got_tonight","always_got_tonight","6","tracks/chris_isaak/always_got_tonight/06-always_got_tonight.mp3"
"chris_isaak","always_got_tonight","american_boy","10","tracks/chris_isaak/always_got_tonight/10-american_boy.mp3"
"chris_isaak","always_got_tonight","courthouse","4","tracks/chris_isaak/always_got_tonight/04-courthouse.mp3"
"chris_isaak","always_got_tonight","i_see_you_everywhere","9","tracks/chris_isaak/always_got_tonight/09-i_see_you_everywhere.mp3"
"chris_isaak","always_got_tonight","let_me_down_easy","2","tracks/chris_isaak/always_got_tonight/02-let_me_down_easy.mp3"
"chris_isaak","always_got_tonight","life_will_go_on","5","tracks/chris_isaak/always_got_tonight/05-life_will_go_on.mp3"
"chris_isaak","always_got_tonight","nothing_to_say","12","tracks/chris_isaak/always_got_tonight/12-nothing_to_say.mp3"
"chris_isaak","always_got_tonight","notice_the_ring","8","tracks/chris_isaak/always_got_tonight/08-notice_the_ring.mp3"
"chris_isaak","always_got_tonight","one_day","1","tracks/chris_isaak/always_got_tonight/01-one_day.mp3"
"chris_isaak","always_got_tonight","worked_it_out_wrong","3","tracks/chris_isaak/always_got_tonight/03-worked_it_out_wrong.mp3"
"coldplay","parachutes","dont_panic","1","tracks/coldplay/parachutes/01-dont_panic.mp3"
"coldplay","parachutes","high_speed","8","tracks/coldplay/parachutes/08-high_speed.mp3"
"coldplay","parachutes","parachutes","7","tracks/coldplay/parachutes/07-parachutes.mp3"
"coldplay","parachutes","spies","3","tracks/coldplay/parachutes/03-spies.mp3"
"coldplay","parachutes","trouble","6","tracks/coldplay/parachutes/06-trouble.mp3"
"coldplay","parachutes","yellow","5","tracks/coldplay/parachutes/05-yellow.mp3"
"coldplay","rush_of_blood_to_the_head","in_my_place","2","tracks/coldplay/rush_of_blood_to_the_head/02-in_my_place.mp3"
"coldplay","rush_of_blood_to_the_head","rush_of_blood_to_the_head","10","tracks/coldplay/rush_of_blood_to_the_head/10-rush_of_blood_to_the_head.mp3"
"coldplay","rush_of_blood_to_the_head","scientist","4","tracks/coldplay/rush_of_blood_to_the_head/04-scientist.mp3"
"coldplay","rush_of_blood_to_the_head","whisper","9","tracks/coldplay/rush_of_blood_to_the_head/09-whisper.mp3"
"cranberries","loud_and_clear_limited_edition","promises_99","3","tracks/cranberries/loud_and_clear_limited_edition/03-promises_99.mp3"
"cranberries","stars_the_best_of_19922002","animal_instinct","12","tracks/cranberries/stars_the_best_of_19922002/12-animal_instinct.mp3"
"cranberries","stars_the_best_of_19922002","free_to_decide","8","tracks/cranberries/stars_the_best_of_19922002/08-free_to_decide.mp3"
"cranberries","stars_the_best_of_19922002","ode_to_my_family","4","tracks/cranberries/stars_the_best_of_19922002/04-ode_to_my_family.mp3"
"cranberries","stars_the_best_of_19922002","stars","20","tracks/cranberries/stars_the_best_of_19922002/20-stars.mp3"
"cranberries","stars_the_best_of_19922002","you_me","14","tracks/cranberries/stars_the_best_of_19922002/14-you_me.mp3"
"cranberries","stars_the_best_of_19922002_live_cd","zombie","1","tracks/cranberries/stars_the_best_of_19922002_live_cd/01-zombie.mp3"
"cranberries","wake_up_and_smell_the_coffee","every_morning","10","tracks/cranberries/wake_up_and_smell_the_coffee/10-every_morning.mp3"
"cranberries","wake_up_and_smell_the_coffee","in_the_ghetto","16","tracks/cranberries/wake_up_and_smell_the_coffee/16-in_the_ghetto.mp3"
"cranberries","wake_up_and_smell_the_coffee","pretty_eyes","8","tracks/cranberries/wake_up_and_smell_the_coffee/08-pretty_eyes.mp3"
"daft_punk","boom_2001_cd1","daft_punk_one_more_time","17","tracks/daft_punk/boom_2001_cd1/17-daft_punk_one_more_time.mp3"
"daft_punk","discovery","crescendolls","5","tracks/daft_punk/discovery/05-crescendolls.mp3"
"daft_punk","discovery","digital_love_feat_dj_sneak","3","tracks/daft_punk/discovery/03-digital_love_feat_dj_sneak.mp3"
"daft_punk","discovery","high_life","8","tracks/daft_punk/discovery/08-high_life.mp3"
"daft_punk","discovery","nightvision","6","tracks/daft_punk/discovery/06-nightvision.mp3"
"daft_punk","discovery","one_more_time_feat_romanthony","1","tracks/daft_punk/discovery/01-one_more_time_feat_romanthony.mp3"
"daft_punk","homework","burnin","13","tracks/daft_punk/homework/13-burnin.mp3"
"daft_punk","homework","funk_ad","16","tracks/daft_punk/homework/16-funk_ad.mp3"
"daft_punk","homework","high_fidelity","10","tracks/daft_punk/homework/10-high_fidelity.mp3"
"daft_punk","homework","revolution_909","3","tracks/daft_punk/homework/03-revolution_909.mp3"
"deftones","deftones","anniversary_of_an_uninteresting_event","10","tracks/deftones/deftones/10-anniversary_of_an_uninteresting_event.mp3"
"deftones","deftones","battle_axe","7","tracks/deftones/deftones/07-battle_axe.mp3"
"deftones","deftones","bloody_cape","9","tracks/deftones/deftones/09-bloody_cape.mp3"
"deftones","deftones","deathblow","5","tracks/deftones/deftones/05-deathblow.mp3"
"deftones","deftones","good_morning_beautiful","4","tracks/deftones/deftones/04-good_morning_beautiful.mp3"
"deftones","deftones","hexagram","1","tracks/deftones/deftones/01-hexagram.mp3"
"deftones","deftones","lucky_you","8","tracks/deftones/deftones/08-lucky_you.mp3"
"deftones","deftones","moana","11","tracks/deftones/deftones/11-moana.mp3"
"deftones","deftones","needles_and_pins","2","tracks/deftones/deftones/02-needles_and_pins.mp3"
"deftones","deftones","when_girls_telephone_boys","6","tracks/deftones/deftones/06-when_girls_telephone_boys.mp3"
"dido","boom_2001_cd1","dido_here_with_me","6","tracks/dido/boom_2001_cd1/06-dido_here_with_me.mp3"
"dido","no_angel","christmas_day","5","tracks/dido/no_angel/05-christmas_day.mp3"
"dido","no_angel","don_t_think_of_me","3","tracks/dido/no_angel/03-don_t_think_of_me.mp3"
"dido","no_angel","here_with_me","1","tracks/dido/no_angel/01-here_with_me.mp3"
"dido","no_angel","hunter_mj_cole_remix","3","tracks/dido/no_angel/03-hunter_mj_cole_remix.mp3"
"dido","no_angel","my_life","11","tracks/dido/no_angel/11-my_life.mp3"
"dido","no_angel","slide","8","tracks/dido/no_angel/08-slide.mp3"
"dido","no_angel","take_my_hand","12","tracks/dido/no_angel/12-take_my_hand.mp3"
"dido","no_angel","thank_you","6","tracks/dido/no_angel/06-thank_you.mp3"
"dido","no_angel","thank_you_deep_dish_mix","2","tracks/dido/no_angel/02-thank_you_deep_dish_mix.mp3"
"eiffel_65","contact","80_s_stars","18","tracks/eiffel_65/contact/18-80_s_stars.mp3"
"eiffel_65","contact","crazy","6","tracks/eiffel_65/contact/06-crazy.mp3"
"eiffel_65","contact","i_dj_with_the_fire","5","tracks/eiffel_65/contact/05-i_dj_with_the_fire.mp3"
"eiffel_65","contact","journey","16","tracks/eiffel_65/contact/16-journey.mp3"
"eiffel_65","contact","king_of_lullaby","4","tracks/eiffel_65/contact/04-king_of_lullaby.mp3"
"eiffel_65","contact","new_life","2","tracks/eiffel_65/contact/02-new_life.mp3"
"eiffel_65","contact","one_goal","3","tracks/eiffel_65/contact/03-one_goal.mp3"
"eiffel_65","contact","world_in_the_world","17","tracks/eiffel_65/contact/17-world_in_the_world.mp3"
"eiffel_65","europop","blue","1","tracks/eiffel_65/europop/01-blue.mp3"
"eiffel_65","radio_disney_jams_vol_4","blue","6","tracks/eiffel_65/radio_disney_jams_vol_4/06-blue.mp3"
"enrique_iglesias","enrique","could_i_havethis_kiss_forever_ft_whitney_houston","7","tracks/enrique_iglesias/enrique/07-could_i_havethis_kiss_forever_ft_whitney_houston.mp3"
"enrique_iglesias","enrique","i_have_always_loved_you","3","tracks/enrique_iglesias/enrique/03-i_have_always_loved_you.mp3"
"enrique_iglesias","enrique","rhythm_divine","1","tracks/enrique_iglesias/enrique/01-rhythm_divine.mp3"
"enrique_iglesias","enrique","rhythm_divine_remix","14","tracks/enrique_iglesias/enrique/14-rhythm_divine_remix.mp3"
"enrique_iglesias","escape","escape","1","tracks/enrique_iglesias/escape/01-escape.mp3"
"enrique_iglesias","escape","maybe","7","tracks/enrique_iglesias/escape/07-maybe.mp3"
"enrique_iglesias","escape","she_be_the_one","9","tracks/enrique_iglesias/escape/09-she_be_the_one.mp3"
"enrique_iglesias","quizas","para_quela_vida","2","tracks/enrique_iglesias/quizas/02-para_quela_vida.mp3"
"enrique_iglesias","quizas","pienso_en_ti","6","tracks/enrique_iglesias/quizas/06-pienso_en_ti.mp3"
"enrique_iglesias","quizas","quizas","5","tracks/enrique_iglesias/quizas/05-quizas.mp3"
"faith_hill","cry","baby_you_belong","7","tracks/faith_hill/cry/07-baby_you_belong.mp3"
"faith_hill","cry","cry","2","tracks/faith_hill/cry/02-cry.mp3"
"faith_hill","cry","free","1","tracks/faith_hill/cry/01-free.mp3"
"faith_hill","cry","i_think_i_will","13","tracks/faith_hill/cry/13-i_think_i_will.mp3"
"faith_hill","cry","if_youre_gonna_fly_away","8","tracks/faith_hill/cry/08-if_youre_gonna_fly_away.mp3"
"faith_hill","cry","one","3","tracks/faith_hill/cry/03-one.mp3"
"faith_hill","cry","this_is_me","11","tracks/faith_hill/cry/11-this_is_me.mp3"
"faith_hill","cry","unsaveable","6","tracks/faith_hill/cry/06-unsaveable.mp3"
"faith_hill","cry","when_the_lights_go_down","4","tracks/faith_hill/cry/04-when_the_lights_go_down.mp3"
"faith_hill","cry","youre_still_here","14","tracks/faith_hill/cry/14-youre_still_here.mp3"
"fleetwood_mac","say_you_will","bleed_to_love_her","14","tracks/fleetwood_mac/say_you_will/14-bleed_to_love_her.mp3"
"fleetwood_mac","say_you_will","destiny_rules","16","tracks/fleetwood_mac/say_you_will/16-destiny_rules.mp3"
"fleetwood_mac","say_you_will","illume_9_11","3","tracks/fleetwood_mac/say_you_will/03-illume_9_11.mp3"
"fleetwood_mac","say_you_will","miranda","5","tracks/fleetwood_mac/say_you_will/05-miranda.mp3"
"fleetwood_mac","say_you_will","murrow_turning_over_in_his_gra","2","tracks/fleetwood_mac/say_you_will/02-murrow_turning_over_in_his_gra.mp3"
"fleetwood_mac","say_you_will","red_rover","6","tracks/fleetwood_mac/say_you_will/06-red_rover.mp3"
"fleetwood_mac","say_you_will","running_through_the_garden","11","tracks/fleetwood_mac/say_you_will/11-running_through_the_garden.mp3"
"fleetwood_mac","say_you_will","say_goodbye","17","tracks/fleetwood_mac/say_you_will/17-say_goodbye.mp3"
"fleetwood_mac","say_you_will","silver_girl","12","tracks/fleetwood_mac/say_you_will/12-silver_girl.mp3"
"fleetwood_mac","say_you_will","steal_your_heart_away","13","tracks/fleetwood_mac/say_you_will/13-steal_your_heart_away.mp3"
"frank_sinatra","golden_years","coffee_song","17","tracks/frank_sinatra/golden_years/17-coffee_song.mp3"
"frank_sinatra","golden_years","five_minutes_more","11","tracks/frank_sinatra/golden_years/11-five_minutes_more.mp3"
"frank_sinatra","golden_years","i_have_but_one_heart","16","tracks/frank_sinatra/golden_years/16-i_have_but_one_heart.mp3"
"frank_sinatra","my_way_the_best","mack_the_knife","22","tracks/frank_sinatra/my_way_the_best/22-mack_the_knife.mp3"
"frank_sinatra","sinatra_in_hollywood_1940_196","all_the_way_parody","131","tracks/frank_sinatra/sinatra_in_hollywood_1940_196/131-all_the_way_parody.mp3"
"frank_sinatra","sinatra_in_hollywood_1940_196","bewitched_bothered_and_bewilde","138","tracks/frank_sinatra/sinatra_in_hollywood_1940_196/138-bewitched_bothered_and_bewilde.mp3"
"frank_sinatra","sinatra_in_hollywood_1940_196","finale_how_are_things_in_gloc","107","tracks/frank_sinatra/sinatra_in_hollywood_1940_196/107-finale_how_are_things_in_gloc.mp3"
"frank_sinatra","sinatra_in_hollywood_1940_196","finale_i_saw_you_frist_a_lovel","17","tracks/frank_sinatra/sinatra_in_hollywood_1940_196/17-finale_i_saw_you_frist_a_lovel.mp3"
"frank_sinatra","sinatra_in_hollywood_1940_196","man_with_the_golden_arm","117","tracks/frank_sinatra/sinatra_in_hollywood_1940_196/117-man_with_the_golden_arm.mp3"
"frank_sinatra","under_the_mistletoe","boys_and_girls_like_you_and_me","6","tracks/frank_sinatra/under_the_mistletoe/06-boys_and_girls_like_you_and_me.mp3"
"garbage","beautiful_garbage","androgyny","2","tracks/garbage/beautiful_garbage/02-androgyny.mp3"
"garbage","beautiful_garbage","breaking_up_the_girl","8","tracks/garbage/beautiful_garbage/08-breaking_up_the_girl.mp3"
"garbage","beautiful_garbage","can_t_cry_these_tears","3","tracks/garbage/beautiful_garbage/03-can_t_cry_these_tears.mp3"
"garbage","beautiful_garbage","cup_of_coffee","5","tracks/garbage/beautiful_garbage/05-cup_of_coffee.mp3"
"garbage","beautiful_garbage","nobody_loves_you","11","tracks/garbage/beautiful_garbage/11-nobody_loves_you.mp3"
"garbage","beautiful_garbage","parade","10","tracks/garbage/beautiful_garbage/10-parade.mp3"
"garbage","beautiful_garbage","shut_your_mouth","1","tracks/garbage/beautiful_garbage/01-shut_your_mouth.mp3"
"garbage","beautiful_garbage","silence_is_golden","6","tracks/garbage/beautiful_garbage/06-silence_is_golden.mp3"
"garbage","beautiful_garbage","til_the_day_i_die","4","tracks/garbage/beautiful_garbage/04-til_the_day_i_die.mp3"
"garbage","beautiful_garbage","untouchable","12","tracks/garbage/beautiful_garbage/12-untouchable.mp3"
"goo_goo_dolls","dizzy_up_the_girl","acoustic_3","10","tracks/goo_goo_dolls/dizzy_up_the_girl/10-acoustic_3.mp3"
"goo_goo_dolls","dizzy_up_the_girl","all_eyes_on_me","8","tracks/goo_goo_dolls/dizzy_up_the_girl/08-all_eyes_on_me.mp3"
"goo_goo_dolls","dizzy_up_the_girl","black_balloon","5","tracks/goo_goo_dolls/dizzy_up_the_girl/05-black_balloon.mp3"
"goo_goo_dolls","dizzy_up_the_girl","bullet_proof","6","tracks/goo_goo_dolls/dizzy_up_the_girl/06-bullet_proof.mp3"
"goo_goo_dolls","dizzy_up_the_girl","dizzy","1","tracks/goo_goo_dolls/dizzy_up_the_girl/01-dizzy.mp3"
"goo_goo_dolls","dizzy_up_the_girl","extra_pale","12","tracks/goo_goo_dolls/dizzy_up_the_girl/12-extra_pale.mp3"
"goo_goo_dolls","dizzy_up_the_girl","full_forever","9","tracks/goo_goo_dolls/dizzy_up_the_girl/09-full_forever.mp3"
"goo_goo_dolls","dizzy_up_the_girl","hate_this_place","13","tracks/goo_goo_dolls/dizzy_up_the_girl/13-hate_this_place.mp3"
"goo_goo_dolls","dizzy_up_the_girl","name","14","tracks/goo_goo_dolls/dizzy_up_the_girl/14-name.mp3"
"goo_goo_dolls","dizzy_up_the_girl","slide","2","tracks/goo_goo_dolls/dizzy_up_the_girl/02-slide.mp3"
"incubus","make_yourself","drive","8","tracks/incubus/make_yourself/08-drive.mp3"
"incubus","make_yourself","make_yourself","7","tracks/incubus/make_yourself/07-make_yourself.mp3"
"incubus","make_yourself","nowhere_fast","2","tracks/incubus/make_yourself/02-nowhere_fast.mp3"
"incubus","make_yourself","pardon_me","12","tracks/incubus/make_yourself/12-pardon_me.mp3"
"incubus","make_yourself","privilege","1","tracks/incubus/make_yourself/01-privilege.mp3"
"incubus","make_yourself","stellar","6","tracks/incubus/make_yourself/06-stellar.mp3"
"incubus","make_yourself","warmth","4","tracks/incubus/make_yourself/04-warmth.mp3"
"incubus","make_yourself_bonus_cd_2","drive_live_version","4","tracks/incubus/make_yourself_bonus_cd_2/04-drive_live_version.mp3"
"incubus","make_yourself_bonus_cd_2","pardon_me_acoustic","1","tracks/incubus/make_yourself_bonus_cd_2/01-pardon_me_acoustic.mp3"
"incubus","make_yourself_bonus_cd_2","stellar_acoustic","2","tracks/incubus/make_yourself_bonus_cd_2/02-stellar_acoustic.mp3"
"jennifer_paige","positively_somewhere","edge","9","tracks/jennifer_paige/positively_somewhere/09-edge.mp3"
"jennifer_paige","positively_somewhere","feel_so_far_away","8","tracks/jennifer_paige/positively_somewhere/08-feel_so_far_away.mp3"
"jennifer_paige","positively_somewhere","make_me","4","tracks/jennifer_paige/positively_somewhere/04-make_me.mp3"
"jennifer_paige","positively_somewhere","not_this_time","6","tracks/jennifer_paige/positively_somewhere/06-not_this_time.mp3"
"jennifer_paige","positively_somewhere","stay_the_night","11","tracks/jennifer_paige/positively_somewhere/11-stay_the_night.mp3"
"jennifer_paige","positively_somewhere","stranded","3","tracks/jennifer_paige/positively_somewhere/03-stranded.mp3"
"jennifer_paige","positively_somewhere","tell_me_when","10","tracks/jennifer_paige/positively_somewhere/10-tell_me_when.mp3"
"jennifer_paige","positively_somewhere","vapor","12","tracks/jennifer_paige/positively_somewhere/12-vapor.mp3"
"jennifer_paige","positively_somewhere","way_of_the_world","5","tracks/jennifer_paige/positively_somewhere/05-way_of_the_world.mp3"
"jennifer_paige","positively_somewhere","you_get_through","7","tracks/jennifer_paige/positively_somewhere/07-you_get_through.mp3"
"joe_cocker","across_from_midnight","thats_all_i_need_to_know","3","tracks/joe_cocker/across_from_midnight/03-thats_all_i_need_to_know.mp3"
"joe_cocker","across_from_midnight","thats_the_way_her_love_is","11","tracks/joe_cocker/across_from_midnight/11-thats_the_way_her_love_is.mp3"
"joe_cocker","definitive_collection","delta_lady","4","tracks/joe_cocker/definitive_collection/04-delta_lady.mp3"
"joe_cocker","definitive_collection","hitchcock_railway","6","tracks/joe_cocker/definitive_collection/06-hitchcock_railway.mp3"
"joe_cocker","definitive_collection","many_rivers_to_cross","12","tracks/joe_cocker/definitive_collection/12-many_rivers_to_cross.mp3"
"joe_cocker","definitive_collection","she_came_in_through_the_bathro","3","tracks/joe_cocker/definitive_collection/03-she_came_in_through_the_bathro.mp3"
"joe_cocker","definitive_collection","up_where_we_belong_with_jenni","13","tracks/joe_cocker/definitive_collection/13-up_where_we_belong_with_jenni.mp3"
"joe_cocker","definitive_collection","when_the_night_comes","17","tracks/joe_cocker/definitive_collection/17-when_the_night_comes.mp3"
"joe_cocker","definitive_collection","you_are_so_beautiful","18","tracks/joe_cocker/definitive_collection/18-you_are_so_beautiful.mp3"
"joe_cocker","no_ordinary_world","naked_without_you","10","tracks/joe_cocker/no_ordinary_world/10-naked_without_you.mp3"
"leann_rimes","twisted_angel","damn","5","tracks/leann_rimes/twisted_angel/05-damn.mp3"
"leann_rimes","twisted_angel","love_is_an_army","11","tracks/leann_rimes/twisted_angel/11-love_is_an_army.mp3"
"leann_rimes","twisted_angel","no_way_out","10","tracks/leann_rimes/twisted_angel/10-no_way_out.mp3"
"leann_rimes","twisted_angel","review_my_kisses","9","tracks/leann_rimes/twisted_angel/09-review_my_kisses.mp3"
"leann_rimes","twisted_angel","safest_place","3","tracks/leann_rimes/twisted_angel/03-safest_place.mp3"
"leann_rimes","twisted_angel","sign_of_life","8","tracks/leann_rimes/twisted_angel/08-sign_of_life.mp3"
"leann_rimes","twisted_angel","suddenly","6","tracks/leann_rimes/twisted_angel/06-suddenly.mp3"
"leann_rimes","twisted_angel","trouble_with_goodbye","4","tracks/leann_rimes/twisted_angel/04-trouble_with_goodbye.mp3"
"leann_rimes","twisted_angel","twisted_angel","13","tracks/leann_rimes/twisted_angel/13-twisted_angel.mp3"
"leann_rimes","twisted_angel","wound_up","2","tracks/leann_rimes/twisted_angel/02-wound_up.mp3"
"lenny_kravitz","again_ep","again_stankonia_remix_clean","5","tracks/lenny_kravitz/again_ep/05-again_stankonia_remix_clean.mp3"
"lenny_kravitz","again_ep","fly_away_live","2","tracks/lenny_kravitz/again_ep/02-fly_away_live.mp3"
"lenny_kravitz","lenny","battlefield_of_love","1","tracks/lenny_kravitz/lenny/01-battlefield_of_love.mp3"
"lenny_kravitz","lenny","believe_in_me","5","tracks/lenny_kravitz/lenny/05-believe_in_me.mp3"
"lenny_kravitz","lenny","dig_in","9","tracks/lenny_kravitz/lenny/09-dig_in.mp3"
"lenny_kravitz","lenny","if_i_could_fall_in_love","2","tracks/lenny_kravitz/lenny/02-if_i_could_fall_in_love.mp3"
"lenny_kravitz","lenny","let_s_get_high","12","tracks/lenny_kravitz/lenny/12-let_s_get_high.mp3"
"lenny_kravitz","lenny","pay_to_play","6","tracks/lenny_kravitz/lenny/06-pay_to_play.mp3"
"lenny_kravitz","lenny","yesterday_is_gone","3","tracks/lenny_kravitz/lenny/03-yesterday_is_gone.mp3"
"lenny_kravitz","lenny","you_were_in_my_heart","10","tracks/lenny_kravitz/lenny/10-you_were_in_my_heart.mp3"
"lionel_richie","renaissance","angel_boogieman_remixextended","13","tracks/lionel_richie/renaissance/13-angel_boogieman_remixextended.mp3"
"lionel_richie","renaissance","angel_metro_mix_album_version","1","tracks/lionel_richie/renaissance/01-angel_metro_mix_album_version.mp3"
"lionel_richie","renaissance","dance_the_night_away","4","tracks/lionel_richie/renaissance/04-dance_the_night_away.mp3"
"lionel_richie","renaissance","dont_stop_the_music","12","tracks/lionel_richie/renaissance/12-dont_stop_the_music.mp3"
"lionel_richie","renaissance","dont_you_ever_go_away","7","tracks/lionel_richie/renaissance/07-dont_you_ever_go_away.mp3"
"lionel_richie","renaissance","how_long","6","tracks/lionel_richie/renaissance/06-how_long.mp3"
"lionel_richie","renaissance","it_may_be_the_water","10","tracks/lionel_richie/renaissance/10-it_may_be_the_water.mp3"
"lionel_richie","renaissance","piece_of_my_heart","9","tracks/lionel_richie/renaissance/09-piece_of_my_heart.mp3"
"lionel_richie","renaissance","tender_heart","3","tracks/lionel_richie/renaissance/03-tender_heart.mp3"
"lionel_richie","renaissance","wasted_time","8","tracks/lionel_richie/renaissance/08-wasted_time.mp3"
"marc_anthony","me_haces_falta","i_need_you","2","tracks/marc_anthony/me_haces_falta/02-i_need_you.mp3"
"marc_anthony","me_haces_falta","me_haces_falta","1","tracks/marc_anthony/me_haces_falta/01-me_haces_falta.mp3"
"marc_anthony","mended","dont_tell_me_its_love","8","tracks/marc_anthony/mended/08-dont_tell_me_its_love.mp3"
"marc_anthony","mended","give_me_a_reason","10","tracks/marc_anthony/mended/10-give_me_a_reason.mp3"
"marc_anthony","mended","i_need_you","14","tracks/marc_anthony/mended/14-i_need_you.mp3"
"marc_anthony","mended","i_need_you","4","tracks/marc_anthony/mended/04-i_need_you.mp3"
"marc_anthony","mended","i_swear","7","tracks/marc_anthony/mended/07-i_swear.mp3"
"marc_anthony","mended","i_wanna_be_free","11","tracks/marc_anthony/mended/11-i_wanna_be_free.mp3"
"marc_anthony","mended","tragedy","15","tracks/marc_anthony/mended/15-tragedy.mp3"
"marc_anthony","mended","tragedy","5","tracks/marc_anthony/mended/05-tragedy.mp3"
"mark_knopfler","chicago_2001_bootleg","junkie_doll","1","tracks/mark_knopfler/chicago_2001_bootleg/01-junkie_doll.mp3"
"mark_knopfler","chicago_2001_bootleg","pyroman","3","tracks/mark_knopfler/chicago_2001_bootleg/03-pyroman.mp3"
"mark_knopfler","ragpicker_s_dream_ltd_ed","coyote","9","tracks/mark_knopfler/ragpicker_s_dream_ltd_ed/09-coyote.mp3"
"mark_knopfler","ragpicker_s_dream_ltd_ed","devil_baby","2","tracks/mark_knopfler/ragpicker_s_dream_ltd_ed/02-devil_baby.mp3"
"mark_knopfler","ragpicker_s_dream_ltd_ed","old_pigweed","12","tracks/mark_knopfler/ragpicker_s_dream_ltd_ed/12-old_pigweed.mp3"
"mark_knopfler","sailing_to_philadelphia","sands_of_nevada","12","tracks/mark_knopfler/sailing_to_philadelphia/12-sands_of_nevada.mp3"
"mark_knopfler","sailing_to_philadelphia","speedway_at_nazareth","10","tracks/mark_knopfler/sailing_to_philadelphia/10-speedway_at_nazareth.mp3"
"mark_knopfler","shot_at_glory","hard_cases","2","tracks/mark_knopfler/shot_at_glory/02-hard_cases.mp3"
"mark_knopfler","shot_at_glory","new_laird","5","tracks/mark_knopfler/shot_at_glory/05-new_laird.mp3"
"mark_knopfler","shot_at_glory","say_too_much","6","tracks/mark_knopfler/shot_at_glory/06-say_too_much.mp3"
"michael_jackson","bad","liberian_girl","4","tracks/michael_jackson/bad/04-liberian_girl.mp3"
"michael_jackson","bad","man_in_the_mirror","7","tracks/michael_jackson/bad/07-man_in_the_mirror.mp3"
"michael_jackson","best_of_anthology_disc_1","dancing_machine","22","tracks/michael_jackson/best_of_anthology_disc_1/22-dancing_machine.mp3"
"michael_jackson","best_of_anthology_disc_1","greatest_show_on_earth","13","tracks/michael_jackson/best_of_anthology_disc_1/13-greatest_show_on_earth.mp3"
"michael_jackson","best_of_anthology_disc_1","with_a_child_s_heart","11","tracks/michael_jackson/best_of_anthology_disc_1/11-with_a_child_s_heart.mp3"
"michael_jackson","invincible","break_of_dawn","4","tracks/michael_jackson/invincible/04-break_of_dawn.mp3"
"michael_jackson","invincible","butterflies","7","tracks/michael_jackson/invincible/07-butterflies.mp3"
"michael_jackson","number_ones","black_or_white","12","tracks/michael_jackson/number_ones/12-black_or_white.mp3"
"michael_jackson","off_the_wall_w_bonus_tracks","it_s_the_falling_in_love","9","tracks/michael_jackson/off_the_wall_w_bonus_tracks/09-it_s_the_falling_in_love.mp3"
"michael_jackson","off_the_wall_w_bonus_tracks","voiceover_2","12","tracks/michael_jackson/off_the_wall_w_bonus_tracks/12-voiceover_2.mp3"
"miles_davis","at_newport_1958","fran_dance_live","4","tracks/miles_davis/at_newport_1958/04-fran_dance_live.mp3"
"miles_davis","at_newport_1958","theme_live","7","tracks/miles_davis/at_newport_1958/07-theme_live.mp3"
"miles_davis","cool_blues","my_old_flame","5","tracks/miles_davis/cool_blues/05-my_old_flame.mp3"
"miles_davis","cool_blues","night_in_tunisia","1","tracks/miles_davis/cool_blues/01-night_in_tunisia.mp3"
"miles_davis","cool_blues","ornithology","14","tracks/miles_davis/cool_blues/14-ornithology.mp3"
"miles_davis","from_bebop_to_cool_1947_1949","good_bait","13","tracks/miles_davis/from_bebop_to_cool_1947_1949/13-good_bait.mp3"
"miles_davis","from_bebop_to_cool_1947_1949","israel","11","tracks/miles_davis/from_bebop_to_cool_1947_1949/11-israel.mp3"
"miles_davis","from_bebop_to_cool_1947_1949","little_willie_leaps","2","tracks/miles_davis/from_bebop_to_cool_1947_1949/02-little_willie_leaps.mp3"
"miles_davis","from_bebop_to_cool_1947_1949","milestone","1","tracks/miles_davis/from_bebop_to_cool_1947_1949/01-milestone.mp3"
"miles_davis","from_bebop_to_cool_1947_1949","rifftide","12","tracks/miles_davis/from_bebop_to_cool_1947_1949/12-rifftide.mp3"
"morcheeba","back_to_mine","dr_john_gris_gris_gumbo_ya_ya","4","tracks/morcheeba/back_to_mine/04-dr_john_gris_gris_gumbo_ya_ya.mp3"
"morcheeba","back_to_mine","krishna_shah_baby_let_s_dance","10","tracks/morcheeba/back_to_mine/10-krishna_shah_baby_let_s_dance.mp3"
"morcheeba","charango","undress_me_now","7","tracks/morcheeba/charango/07-undress_me_now.mp3"
"morcheeba","charango","women_lose_weight_feat_slick","9","tracks/morcheeba/charango/09-women_lose_weight_feat_slick.mp3"
"morcheeba","otherwise_cdm","otherwise_uncut_radio_edit","4","tracks/morcheeba/otherwise_cdm/04-otherwise_uncut_radio_edit.mp3"
"morcheeba","parts_of_the_process","be_yourself","5","tracks/morcheeba/parts_of_the_process/05-be_yourself.mp3"
"morcheeba","parts_of_the_process","let_me_see","7","tracks/morcheeba/parts_of_the_process/07-let_me_see.mp3"
"morcheeba","parts_of_the_process","rome_wasn_t_built_in_a_day","11","tracks/morcheeba/parts_of_the_process/11-rome_wasn_t_built_in_a_day.mp3"
"morcheeba","parts_of_the_process","trigger_hippie","10","tracks/morcheeba/parts_of_the_process/10-trigger_hippie.mp3"
"morcheeba","who_can_you_trust","trigger_hippie","2","tracks/morcheeba/who_can_you_trust/02-trigger_hippie.mp3"
"mya","fear_of_flying","case_of_the_ex","2","tracks/mya/fear_of_flying/02-case_of_the_ex.mp3"
"mya","fear_of_flying","for_the_first_time","16","tracks/mya/fear_of_flying/16-for_the_first_time.mp3"
"mya","fear_of_flying","get_over_outro","18","tracks/mya/fear_of_flying/18-get_over_outro.mp3"
"mya","fear_of_flying","how_you_gonna_tell_me","8","tracks/mya/fear_of_flying/08-how_you_gonna_tell_me.mp3"
"mya","fear_of_flying","man_in_my_life","17","tracks/mya/fear_of_flying/17-man_in_my_life.mp3"
"mya","fear_of_flying","no_tears_on_my_pillow","15","tracks/mya/fear_of_flying/15-no_tears_on_my_pillow.mp3"
"mya","fear_of_flying","now_or_never","11","tracks/mya/fear_of_flying/11-now_or_never.mp3"
"mya","fear_of_flying","ride_shake","3","tracks/mya/fear_of_flying/03-ride_shake.mp3"
"mya","fear_of_flying","takin_me_over_featuring_left_eye","10","tracks/mya/fear_of_flying/10-takin_me_over_featuring_left_eye.mp3"
"mya","fear_of_flying","thats_why_i_wanna_fight","4","tracks/mya/fear_of_flying/04-thats_why_i_wanna_fight.mp3"
"no_doubt","singles_1992_2003","bathwater","4","tracks/no_doubt/singles_1992_2003/04-bathwater.mp3"
"no_doubt","singles_1992_2003","don_t_speak","13","tracks/no_doubt/singles_1992_2003/13-don_t_speak.mp3"
"no_doubt","singles_1992_2003","excuse_me_mr","9","tracks/no_doubt/singles_1992_2003/09-excuse_me_mr.mp3"
"no_doubt","singles_1992_2003","girls_get_the_bass_in_the_back","16","tracks/no_doubt/singles_1992_2003/16-girls_get_the_bass_in_the_back.mp3"
"no_doubt","singles_1992_2003","hey_baby","3","tracks/no_doubt/singles_1992_2003/03-hey_baby.mp3"
"no_doubt","singles_1992_2003","it_s_my_life","2","tracks/no_doubt/singles_1992_2003/02-it_s_my_life.mp3"
"no_doubt","singles_1992_2003","just_a_girl","1","tracks/no_doubt/singles_1992_2003/01-just_a_girl.mp3"
"no_doubt","singles_1992_2003","simple_kind_of_life","12","tracks/no_doubt/singles_1992_2003/12-simple_kind_of_life.mp3"
"no_doubt","singles_1992_2003","spiderwebs","11","tracks/no_doubt/singles_1992_2003/11-spiderwebs.mp3"
"no_doubt","singles_1992_2003","trapped_in_a_box","15","tracks/no_doubt/singles_1992_2003/15-trapped_in_a_box.mp3"
"paul_van_dyk","out_there_and_back","another_way","3","tracks/paul_van_dyk/out_there_and_back/03-another_way.mp3"
"paul_van_dyk","out_there_and_back","columbia","10","tracks/paul_van_dyk/out_there_and_back/10-columbia.mp3"
"paul_van_dyk","out_there_and_back","love_from_above","9","tracks/paul_van_dyk/out_there_and_back/09-love_from_above.mp3"
"paul_van_dyk","out_there_and_back","out_there_and_back","11","tracks/paul_van_dyk/out_there_and_back/11-out_there_and_back.mp3"
"paul_van_dyk","out_there_and_back","pikes","2","tracks/paul_van_dyk/out_there_and_back/02-pikes.mp3"
"paul_van_dyk","out_there_and_back","tell_me_why_the_riddle","6","tracks/paul_van_dyk/out_there_and_back/06-tell_me_why_the_riddle.mp3"
"paul_van_dyk","out_there_and_back","together_we_will","7","tracks/paul_van_dyk/out_there_and_back/07-together_we_will.mp3"
"paul_van_dyk","out_there_and_back","travelling","4","tracks/paul_van_dyk/out_there_and_back/04-travelling.mp3"
"paul_van_dyk","out_there_and_back","vega","1","tracks/paul_van_dyk/out_there_and_back/01-vega.mp3"
"paul_van_dyk","out_there_and_back","we_are_alive","12","tracks/paul_van_dyk/out_there_and_back/12-we_are_alive.mp3"
"peter_gabriel","across_the_river","don_t_break_this_rhythm","3","tracks/peter_gabriel/across_the_river/03-don_t_break_this_rhythm.mp3"
"peter_gabriel","across_the_river","go_go_i_go_swimming","5","tracks/peter_gabriel/across_the_river/05-go_go_i_go_swimming.mp3"
"peter_gabriel","across_the_river","jetzt_commt_die_flut","16","tracks/peter_gabriel/across_the_river/16-jetzt_commt_die_flut.mp3"
"peter_gabriel","across_the_river","quiet_steam","11","tracks/peter_gabriel/across_the_river/11-quiet_steam.mp3"
"peter_gabriel","hit_advance","burn_you_up_burn_you_down","7","tracks/peter_gabriel/hit_advance/07-burn_you_up_burn_you_down.mp3"
"peter_gabriel","hit_advance","growing_up","8","tracks/peter_gabriel/hit_advance/08-growing_up.mp3"
"peter_gabriel","miss_advance","washing_of_the_water","15","tracks/peter_gabriel/miss_advance/15-washing_of_the_water.mp3"
"peter_gabriel","shaking_the_tree_sixteen_golden_greats","big_time","14","tracks/peter_gabriel/shaking_the_tree_sixteen_golden_greats/14-big_time.mp3"
"peter_gabriel","up","growing_up","2","tracks/peter_gabriel/up/02-growing_up.mp3"
"peter_gabriel","up","i_grieve","5","tracks/peter_gabriel/up/05-i_grieve.mp3"
"pink_floyd","dark_side_of_the_moon","brain_damage","8","tracks/pink_floyd/dark_side_of_the_moon/08-brain_damage.mp3"
"pink_floyd","dark_side_of_the_moon","money","5","tracks/pink_floyd/dark_side_of_the_moon/05-money.mp3"
"pink_floyd","dark_side_of_the_moon","speak_to_me_b_breathe","1","tracks/pink_floyd/dark_side_of_the_moon/01-speak_to_me_b_breathe.mp3"
"pink_floyd","dark_side_of_the_moon_sacd","eclipse","10","tracks/pink_floyd/dark_side_of_the_moon_sacd/10-eclipse.mp3"
"pink_floyd","echoes_the_best_of_pink_floyd_disk_2","fletcher_memorial_home","3","tracks/pink_floyd/echoes_the_best_of_pink_floyd_disk_2/03-fletcher_memorial_home.mp3"
"pink_floyd","echoes_the_best_of_pink_floyd_disk_2","one_of_these_days","6","tracks/pink_floyd/echoes_the_best_of_pink_floyd_disk_2/06-one_of_these_days.mp3"
"pink_floyd","echoes_the_best_of_pink_floyd_disk_2","shine_on_you_crazy_diamond_parts_1_7","1","tracks/pink_floyd/echoes_the_best_of_pink_floyd_disk_2/01-shine_on_you_crazy_diamond_parts_1_7.mp3"
"pink_floyd","echoes_the_best_of_pink_floyd_disk_2","time","2","tracks/pink_floyd/echoes_the_best_of_pink_floyd_disk_2/02-time.mp3"
"pink_floyd","echoes_the_best_of_pink_floyd_disk_2","wish_you_were_here","10","tracks/pink_floyd/echoes_the_best_of_pink_floyd_disk_2/10-wish_you_were_here.mp3"
"pink_floyd","wish_you_were_here","wish_you_were_here","4","tracks/pink_floyd/wish_you_were_here/04-wish_you_were_here.mp3"
"portishead","dummy","biscuit","10","tracks/portishead/dummy/10-biscuit.mp3"
"portishead","dummy","glory_box","11","tracks/portishead/dummy/11-glory_box.mp3"
"portishead","dummy","mysterons","1","tracks/portishead/dummy/01-mysterons.mp3"
"portishead","dummy","numb","7","tracks/portishead/dummy/07-numb.mp3"
"portishead","dummy","pedestal","9","tracks/portishead/dummy/09-pedestal.mp3"
"portishead","portishead","all_mine","2","tracks/portishead/portishead/02-all_mine.mp3"
"portishead","portishead","cowboys","1","tracks/portishead/portishead/01-cowboys.mp3"
"portishead","portishead","only_you","9","tracks/portishead/portishead/09-only_you.mp3"
"portishead","roseland_nyc_live","glory_box","8","tracks/portishead/roseland_nyc_live/08-glory_box.mp3"
"portishead","roseland_nyc_live","only_you","5","tracks/portishead/roseland_nyc_live/05-only_you.mp3"
"queen","greatest_hits","bohemian_rhapsody","1","tracks/queen/greatest_hits/01-bohemian_rhapsody.mp3"
"queen","greatest_hits","crazy_little_thing_called_love","9","tracks/queen/greatest_hits/09-crazy_little_thing_called_love.mp3"
"queen","greatest_hits","killer_queen","3","tracks/queen/greatest_hits/03-killer_queen.mp3"
"queen","greatest_hits_ii","hammer_to_fall","14","tracks/queen/greatest_hits_ii/14-hammer_to_fall.mp3"
"queen","greatest_hits_ii","i_m_going_slightly_mad","12","tracks/queen/greatest_hits_ii/12-i_m_going_slightly_mad.mp3"
"queen","greatest_hits_ii","kind_of_magic","1","tracks/queen/greatest_hits_ii/01-kind_of_magic.mp3"
"queen","greatest_hits_volume_1_special","dragon_attack","7","tracks/queen/greatest_hits_volume_1_special/07-dragon_attack.mp3"
"queen","greatest_hits_volume_1_special","great_pretender_f_mercur","8","tracks/queen/greatest_hits_volume_1_special/08-great_pretender_f_mercur.mp3"
"queen","greatest_hits_volume_1_special","play_the_game","13","tracks/queen/greatest_hits_volume_1_special/13-play_the_game.mp3"
"queen","innuendo","bijou","11","tracks/queen/innuendo/11-bijou.mp3"
"ricky_martin","sound_loaded","are_you_in_it_for_love","11","tracks/ricky_martin/sound_loaded/11-are_you_in_it_for_love.mp3"
"ricky_martin","sound_loaded","cambia_la_piel","15","tracks/ricky_martin/sound_loaded/15-cambia_la_piel.mp3"
"ricky_martin","sound_loaded","come_to_me","3","tracks/ricky_martin/sound_loaded/03-come_to_me.mp3"
"ricky_martin","sound_loaded","dame_m_s_loaded","14","tracks/ricky_martin/sound_loaded/14-dame_m_s_loaded.mp3"
"ricky_martin","sound_loaded","jezabel","7","tracks/ricky_martin/sound_loaded/07-jezabel.mp3"
"ricky_martin","sound_loaded","loaded","4","tracks/ricky_martin/sound_loaded/04-loaded.mp3"
"ricky_martin","sound_loaded","one_night_man","9","tracks/ricky_martin/sound_loaded/09-one_night_man.mp3"
"ricky_martin","sound_loaded","saint_tropez","2","tracks/ricky_martin/sound_loaded/02-saint_tropez.mp3"
"ricky_martin","sound_loaded","she_bangs","1","tracks/ricky_martin/sound_loaded/01-she_bangs.mp3"
"ricky_martin","sound_loaded","ven_a_m_come_to_me","12","tracks/ricky_martin/sound_loaded/12-ven_a_m_come_to_me.mp3"
"roxette","ballad_hits","breathe","15","tracks/roxette/ballad_hits/15-breathe.mp3"
"roxette","ballad_hits","crash_boom_bang","8","tracks/roxette/ballad_hits/08-crash_boom_bang.mp3"
"roxette","ballad_hits","queen_of_rain","6","tracks/roxette/ballad_hits/06-queen_of_rain.mp3"
"roxette","ballad_hits","spending_my_time","5","tracks/roxette/ballad_hits/05-spending_my_time.mp3"
"roxette","tourism","here_comes_the_weekend","11","tracks/roxette/tourism/11-here_comes_the_weekend.mp3"
"roxette","tourism","it_must_have_been_love","7","tracks/roxette/tourism/07-it_must_have_been_love.mp3"
"roxette","tourism","joyride","15","tracks/roxette/tourism/15-joyride.mp3"
"roxette","tourism","keep_me_waiting","6","tracks/roxette/tourism/06-keep_me_waiting.mp3"
"roxette","tourism","look","3","tracks/roxette/tourism/03-look.mp3"
"roxette","tourism","things_will_never_be_the_same","14","tracks/roxette/tourism/14-things_will_never_be_the_same.mp3"
"santana","shaman","adouma","1","tracks/santana/shaman/01-adouma.mp3"
"santana","shaman","america","8","tracks/santana/shaman/08-america.mp3"
"santana","shaman","one_of_these_days","15","tracks/santana/shaman/15-one_of_these_days.mp3"
"santana","shaman","sideways","9","tracks/santana/shaman/09-sideways.mp3"
"santana","shaman","why_dont_uou_i","10","tracks/santana/shaman/10-why_dont_uou_i.mp3"
"santana","shaman","you_are_my_kind","4","tracks/santana/shaman/04-you_are_my_kind.mp3"
"santana","supernatural","love_of_my_life_feat_dave_matthews","2","tracks/santana/supernatural/02-love_of_my_life_feat_dave_matthews.mp3"
"santana","supernatural","maria_maria_feat_the_product_g_and_b_and_wyclef_jean","7","tracks/santana/supernatural/07-maria_maria_feat_the_product_g_and_b_and_wyclef_jean.mp3"
"santana","supernatural","put_your_lights_on_feat_everlast","3","tracks/santana/supernatural/03-put_your_lights_on_feat_everlast.mp3"
"santana","supernatural","smooth_feat_rob_thomas","5","tracks/santana/supernatural/05-smooth_feat_rob_thomas.mp3"
"shania_twain","come_on_over","dont_be_stupid_you_know_i_love_you","12","tracks/shania_twain/come_on_over/12-dont_be_stupid_you_know_i_love_you.mp3"
"shania_twain","come_on_over","honey_im_home","14","tracks/shania_twain/come_on_over/14-honey_im_home.mp3"
"shania_twain","come_on_over","i_wont_leave_you_lonely","5","tracks/shania_twain/come_on_over/05-i_wont_leave_you_lonely.mp3"
"shania_twain","come_on_over","love_gets_me_every_time","11","tracks/shania_twain/come_on_over/11-love_gets_me_every_time.mp3"
"shania_twain","up_cd_1_red_disk","i_aint_goin_down","16","tracks/shania_twain/up_cd_1_red_disk/16-i_aint_goin_down.mp3"
"shania_twain","up_cd_1_red_disk","im_gonna_getcha_good","2","tracks/shania_twain/up_cd_1_red_disk/02-im_gonna_getcha_good.mp3"
"shania_twain","up_cd_1_red_disk","in_my_car_ill_be_the_driver","18","tracks/shania_twain/up_cd_1_red_disk/18-in_my_car_ill_be_the_driver.mp3"
"shania_twain","up_cd_1_red_disk","it_only_hurts_when_im_breathing","7","tracks/shania_twain/up_cd_1_red_disk/07-it_only_hurts_when_im_breathing.mp3"
"shania_twain","up_cd_1_red_disk","thank_you_baby_for_makin_someday_come_so_soon","13","tracks/shania_twain/up_cd_1_red_disk/13-thank_you_baby_for_makin_someday_come_so_soon.mp3"
"shania_twain","up_cd_1_red_disk","wanna_get_to_know_you_that_good","9","tracks/shania_twain/up_cd_1_red_disk/09-wanna_get_to_know_you_that_good.mp3"
"smash_mouth","smash_mouth","all_star","14","tracks/smash_mouth/smash_mouth/14-all_star.mp3"
"smash_mouth","smash_mouth","disenchanted","11","tracks/smash_mouth/smash_mouth/11-disenchanted.mp3"
"smash_mouth","smash_mouth","holiday_in_my_head","1","tracks/smash_mouth/smash_mouth/01-holiday_in_my_head.mp3"
"smash_mouth","smash_mouth","i_m_a_believer","13","tracks/smash_mouth/smash_mouth/13-i_m_a_believer.mp3"
"smash_mouth","smash_mouth","in_set","10","tracks/smash_mouth/smash_mouth/10-in_set.mp3"
"smash_mouth","smash_mouth","keep_it_down","12","tracks/smash_mouth/smash_mouth/12-keep_it_down.mp3"
"smash_mouth","smash_mouth","pacific_coast_party","3","tracks/smash_mouth/smash_mouth/03-pacific_coast_party.mp3"
"smash_mouth","smash_mouth","sister_psychic","5","tracks/smash_mouth/smash_mouth/05-sister_psychic.mp3"
"smash_mouth","smash_mouth","walkin_on_the_sun","15","tracks/smash_mouth/smash_mouth/15-walkin_on_the_sun.mp3"
"smash_mouth","smash_mouth","your_man","2","tracks/smash_mouth/smash_mouth/02-your_man.mp3"
"soundgarden","down_on_the_upside","blow_up_the_outside_world","6","tracks/soundgarden/down_on_the_upside/06-blow_up_the_outside_world.mp3"
"soundgarden","down_on_the_upside","boot_camp","16","tracks/soundgarden/down_on_the_upside/16-boot_camp.mp3"
"soundgarden","down_on_the_upside","never_named","8","tracks/soundgarden/down_on_the_upside/08-never_named.mp3"
"soundgarden","down_on_the_upside","no_attention","12","tracks/soundgarden/down_on_the_upside/12-no_attention.mp3"
"soundgarden","down_on_the_upside","rhinosaur","2","tracks/soundgarden/down_on_the_upside/02-rhinosaur.mp3"
"soundgarden","down_on_the_upside","zero_chance","3","tracks/soundgarden/down_on_the_upside/03-zero_chance.mp3"
"soundgarden","superunknown","black_hole_sun","7","tracks/soundgarden/superunknown/07-black_hole_sun.mp3"
"soundgarden","superunknown","half","14","tracks/soundgarden/superunknown/14-half.mp3"
"soundgarden","superunknown","let_me_drown","1","tracks/soundgarden/superunknown/01-let_me_drown.mp3"
"soundgarden","superunknown","spoonman","8","tracks/soundgarden/superunknown/08-spoonman.mp3"
"staind","break_the_cycle","can_t_believe","6","tracks/staind/break_the_cycle/06-can_t_believe.mp3"
"staind","break_the_cycle","for_you","10","tracks/staind/break_the_cycle/10-for_you.mp3"
"staind","break_the_cycle","it_s_been_awhile","4","tracks/staind/break_the_cycle/04-it_s_been_awhile.mp3"
"staind","break_the_cycle","it_s_been_awhile_acoustic","14","tracks/staind/break_the_cycle/14-it_s_been_awhile_acoustic.mp3"
"staind","break_the_cycle","open_your_eyes","1","tracks/staind/break_the_cycle/01-open_your_eyes.mp3"
"staind","break_the_cycle","outside","11","tracks/staind/break_the_cycle/11-outside.mp3"
"staind","break_the_cycle","pressure","2","tracks/staind/break_the_cycle/02-pressure.mp3"
"staind","break_the_cycle","safe_place","9","tracks/staind/break_the_cycle/09-safe_place.mp3"
"staind","break_the_cycle","take_it","13","tracks/staind/break_the_cycle/13-take_it.mp3"
"staind","break_the_cycle","waste","12","tracks/staind/break_the_cycle/12-waste.mp3"
"sting","brand_new_day","perfect_love_gone_wrong","5","tracks/sting/brand_new_day/05-perfect_love_gone_wrong.mp3"
"sting","bring_on_the_night_recorded_l","bring_on_the_night","9","tracks/sting/bring_on_the_night_recorded_l/09-bring_on_the_night.mp3"
"sting","bring_on_the_night_recorded_l","mad_aboiut_you","3","tracks/sting/bring_on_the_night_recorded_l/03-mad_aboiut_you.mp3"
"sting","bring_on_the_night_recorded_l","when_the_world_is_running_down","10","tracks/sting/bring_on_the_night_recorded_l/10-when_the_world_is_running_down.mp3"
"sting","fields_of_gold","fields_of_gold","3","tracks/sting/fields_of_gold/03-fields_of_gold.mp3"
"sting","fields_of_gold","moon_over_bourbon_street","13","tracks/sting/fields_of_gold/13-moon_over_bourbon_street.mp3"
"sting","fields_of_gold","russians","15","tracks/sting/fields_of_gold/15-russians.mp3"
"sting","mtv_unplugged","walking_on_the_moon","7","tracks/sting/mtv_unplugged/07-walking_on_the_moon.mp3"
"sting","sacred_love","like_a_beautiful_smile","13","tracks/sting/sacred_love/13-like_a_beautiful_smile.mp3"
"sting","sacred_love","send_your_love_dave_aude_remix","11","tracks/sting/sacred_love/11-send_your_love_dave_aude_remix.mp3"
"supertramp","breakfast_in_america","casual_conversations","9","tracks/supertramp/breakfast_in_america/09-casual_conversations.mp3"
"supertramp","brother_where_you_bound","still_in_love","2","tracks/supertramp/brother_where_you_bound/02-still_in_love.mp3"
"supertramp","dreamer_cda","aint_nobody","8","tracks/supertramp/dreamer_cda/08-aint_nobody.mp3"
"supertramp","dreamer_cda","soap_box_opera","5","tracks/supertramp/dreamer_cda/05-soap_box_opera.mp3"
"supertramp","famous_last_words_re","know_who_you_are","5","tracks/supertramp/famous_last_words_re/05-know_who_you_are.mp3"
"supertramp","famous_last_words_re","my_kind_of_lady","6","tracks/supertramp/famous_last_words_re/06-my_kind_of_lady.mp3"
"supertramp","indelibly_stamped_re","remember","4","tracks/supertramp/indelibly_stamped_re/04-remember.mp3"
"supertramp","slow_motion_retail","broken_hearted","3","tracks/supertramp/slow_motion_retail/03-broken_hearted.mp3"
"supertramp","slow_motion_retail","slow_motion","1","tracks/supertramp/slow_motion_retail/01-slow_motion.mp3"
"supertramp","very_best_of_re_issue","breakfast_in_america","5","tracks/supertramp/very_best_of_re_issue/05-breakfast_in_america.mp3"
"third_eye_blind","third_eye_blind","background","12","tracks/third_eye_blind/third_eye_blind/12-background.mp3"
"third_eye_blind","third_eye_blind","god_of_wine","14","tracks/third_eye_blind/third_eye_blind/14-god_of_wine.mp3"
"third_eye_blind","third_eye_blind","graduate","5","tracks/third_eye_blind/third_eye_blind/05-graduate.mp3"
"third_eye_blind","third_eye_blind","hows_it_going_to_be","6","tracks/third_eye_blind/third_eye_blind/06-hows_it_going_to_be.mp3"
"third_eye_blind","third_eye_blind","i_want_you","11","tracks/third_eye_blind/third_eye_blind/11-i_want_you.mp3"
"third_eye_blind","third_eye_blind","london","10","tracks/third_eye_blind/third_eye_blind/10-london.mp3"
"third_eye_blind","third_eye_blind","losing_a_whole_year","1","tracks/third_eye_blind/third_eye_blind/01-losing_a_whole_year.mp3"
"third_eye_blind","third_eye_blind","narcolepsy","2","tracks/third_eye_blind/third_eye_blind/02-narcolepsy.mp3"
"third_eye_blind","third_eye_blind","semi_charmed_life","3","tracks/third_eye_blind/third_eye_blind/03-semi_charmed_life.mp3"
"third_eye_blind","third_eye_blind","thanks_a_lot","7","tracks/third_eye_blind/third_eye_blind/07-thanks_a_lot.mp3"
"tool","lateralus","disposition","10","tracks/tool/lateralus/10-disposition.mp3"
"tool","lateralus","schism","5","tracks/tool/lateralus/05-schism.mp3"
"tool","lateralus","ticks_leeches","8","tracks/tool/lateralus/08-ticks_leeches.mp3"
"tool","lateralus","triad","12","tracks/tool/lateralus/12-triad.mp3"
"tool","nima","cesaro_summability","12","tracks/tool/nima/12-cesaro_summability.mp3"
"tool","nima","eulogy","2","tracks/tool/nima/02-eulogy.mp3"
"tool","nima","ions","14","tracks/tool/nima/14-ions.mp3"
"tool","nima","message_to_harry_manback","6","tracks/tool/nima/06-message_to_harry_manback.mp3"
"tool","nima","nima","13","tracks/tool/nima/13-nima.mp3"
"tool","nima","pushit","11","tracks/tool/nima/11-pushit.mp3"
"u2","best_of_19801990","i_still_havent_found_what_im_looking_for","4","tracks/u2/best_of_19801990/04-i_still_havent_found_what_im_looking_for.mp3"
"u2","best_of_19801990","unforgettable_fire","9","tracks/u2/best_of_19801990/09-unforgettable_fire.mp3"
"u2","best_of_19902000","discoth_que_new_mix","12","tracks/u2/best_of_19902000/12-discoth_que_new_mix.mp3"
"u2","best_the_b_sides_of_1990","even_better_than_the_real_thin","1","tracks/u2/best_the_b_sides_of_1990/01-even_better_than_the_real_thin.mp3"
"u2","best_the_b_sides_of_1990","if_god_will_send_his_angels_b","12","tracks/u2/best_the_b_sides_of_1990/12-if_god_will_send_his_angels_b.mp3"
"u2","bsides_the_best_of_19902000","even_better_than_the_real_thing_the_perfecto_mix","9","tracks/u2/bsides_the_best_of_19902000/09-even_better_than_the_real_thing_the_perfecto_mix.mp3"
"u2","bsides_the_best_of_19902000","if_god_will_send_his_angles_big_yam_mix","12","tracks/u2/bsides_the_best_of_19902000/12-if_god_will_send_his_angles_big_yam_mix.mp3"
"u2","bsides_the_best_of_19902000","your_blue_room","6","tracks/u2/bsides_the_best_of_19902000/06-your_blue_room.mp3"
"u2","joshua_tree","i_still_haven_t_found","2","tracks/u2/joshua_tree/02-i_still_haven_t_found.mp3"
"u2","joshua_tree","where_the_streets","1","tracks/u2/joshua_tree/01-where_the_streets.mp3"
"westlife","world_of_our_own","","18","tracks/westlife/world_of_our_own/18-.mp3"
"westlife","world_of_our_own","angel","17","tracks/westlife/world_of_our_own/17-angel.mp3"
"westlife","world_of_our_own","don_t_say_it_s_too_late","12","tracks/westlife/world_of_our_own/12-don_t_say_it_s_too_late.mp3"
"westlife","world_of_our_own","i_wanna_grow_old_with_you","5","tracks/westlife/world_of_our_own/05-i_wanna_grow_old_with_you.mp3"
"westlife","world_of_our_own","if_you_heart_s_not_in_it","10","tracks/westlife/world_of_our_own/10-if_you_heart_s_not_in_it.mp3"
"westlife","world_of_our_own","imaginary_diva","16","tracks/westlife/world_of_our_own/16-imaginary_diva.mp3"
"westlife","world_of_our_own","love_crime","15","tracks/westlife/world_of_our_own/15-love_crime.mp3"
"westlife","world_of_our_own","to_be_loved","8","tracks/westlife/world_of_our_own/08-to_be_loved.mp3"
"westlife","world_of_our_own","walk_away","14","tracks/westlife/world_of_our_own/14-walk_away.mp3"
"westlife","world_of_our_own","when_you_come_around","11","tracks/westlife/world_of_our_own/11-when_you_come_around.mp3"
